eight,0001183c-2089-48e9-96b7-d48db5f1a611
angel-shop,000b5d62-21ac-470a-b16f-40f35f4c5bfe
the-coastal-line-train,00135d3d-06a2-41a7-aec9-e949f9536b00
ib-instant-bullet,0015dc62-5b46-469a-8138-e32a043e60f9
dragons-dogma-revives,0016f819-f9a0-482a-8df2-d735a1773b51
anjuu-no-chi,001c5f74-c18f-4ab5-9cd6-a46455932934
futago-futagokoro,001f4bb7-d544-4e5a-8efc-2abc012f4e09
concrete-garden,00204d60-d5c8-486d-9dbc-868a91d27612
provence,00251b0a-d30f-4433-b20c-33eb76449f92
komori-san-wa-kotowarenai,0025e816-e52c-47da-88fe-fdd5a5170299
hotel-la-vie-en-rose,002835a6-c7e5-4ec2-a907-dbe32117b104
soubi-seisakukei-cheat-de-isekai-wo-jiyuu-ni-ikite-ikimasu,002871dd-5d07-4204-a6fd-a33a44af2630
kizu-darake-no-akuma,00293f4b-8ccc-4f65-95ef-b1a0c32d5ac8
mamotte-shugogetten,002a8f9e-b2e1-4841-8745-bd3d66f252e6
nikai-bongai-barabarujura,003097c2-c8ee-4eda-908f-7c427f417245
shigan-kyoushuu,003849a4-e249-4399-a199-34786b8ff91f
susanoou,003876eb-1b3e-4bed-a18d-a6ea486848ba
taikouhi-kouho-dakedo-genjitsu-ni-ikou-to-omoimasu,0039eb9b-f6ee-408f-875f-7c5380232861
koitsukiyo-no-himegoto,003e1cfd-b4f9-4d66-9080-34455ac19a96
yowamushi-pedal,003e7fbf-f047-4783-a7df-1533a2a653d4
juujika-no-rokunin,00446151-d199-45d6-8671-821db1151e6c
wind-mill,0046506d-6805-4476-879c-5b398a84ac68
lazy-dungeon-master,0051e50a-e30c-4bb2-b378-c3da82463ee1
junjou-drop,0056e7a5-33fc-4aa3-97e1-6a74170c7f50
ai-no-binzoko,00575427-0dcd-4905-b764-16f3aea8bfe4
kuro-tenkousei,0059301b-9aa5-4dbe-98a0-a1cdde873332
uwate-na-otoko-no-otoshikata,005b434a-f5ba-49cc-8a97-549ae4a386c6
mage-and-demon-queen,005b7e3c-2927-45ae-87db-bb3aa04c65e0
starving-anonymous,005bf9d0-afcf-4fd6-b422-3c4393ef8c23
ore-no-shita-de-agake,005ff962-889d-4614-82b1-630ff97e846e
henshin-ninja-arashi,0069d76b-26ee-4656-a1bf-938110bca4b2
ryuudan-shounen,006a499e-cb23-42eb-bb60-d6ad8b4bd427
flowers-of-evil,00710da8-d320-42e5-a76d-fa0fae6017cc
ai-kora,00719812-4db7-4a62-bd47-f91c7b2fb86c
livingstone,007250a2-6dec-4349-bf54-61c62581a779
dawn-of-the-frozen-wastelands,00762b75-7f1c-4fd8-bb22-2385eb81cb31
hime-hiro,007c16b6-f30d-444e-b8c9-96bd8417192f
houfuku-kanojo-to-koukatsu-kareshi,007ececa-e5d1-471d-9f16-a21a73481164
shiritori,008511cd-ffc3-4ec4-a559-a6baeb2325ed
brothers-and-sisters,00861d20-cb93-48d3-8130-9a9a46660ffc
blue-flag,00893d86-c910-4247-b5cb-a2a0e0380012
oku-sama-wa-niizuma-chan,008cda8e-2c41-4c89-8c97-62bd17af0fdf
past-future,00904334-01f1-4174-a81e-9170c9f54b97
chicken-cutlet-prince,009917c4-ae35-4cee-b83e-47ba28f1bbcd
devils-honey,009a2f1f-666e-43f2-b424-782daf5a00c8
urami-koi-koi-urami-koi,009b6788-48f3-4e78-975c-097f54def7ab
cheat-skill-shisha-sosei-ga-kakusei-shite-inishie-no-maougun-wo-fukkatsu-sasete-shimaimashita-daremo-shinasenai-saikyou-healer,009c62ce-6064-4409-9949-4f00ba6d593c
acca-13-kansatsuka-gaiden-paula-to-michelle,00a508ea-92c3-4a75-be73-14a0415c974a
night-flight,00a52d8a-5148-4198-b2bb-cd8ce619519e
the-concours,00af0a04-1535-4f25-85b6-7d1b119dc48d
josou-danshi-anthology-syrup,00b07667-f12a-4bfc-b6c5-208b2e003a98
path-to-you,00b0e589-0d00-495b-b69d-867b699a1b66
mr-kang,00b1bc4e-ff62-470b-9e9e-a0ce20ecc710
saisoku-musou-no-b-kyuu-mahou-tsukai-ippatsu-utareru-mae-ni-senpatsu-uchikaesu,00b4e5ae-2502-4f24-954f-f8412f4d22ec
mononofu,00b5305f-7770-4338-8e61-9871e57e3193
genkai-level-1-kara-no-nariagari-saijaku-level-no-ore-ga-isekai-saikyou-ni-naru-made,00b64b8f-cb7e-4322-9855-3669fe210ac7
hatsumei-princess,00ba6332-cfd9-418c-a515-eb3a54cb7292
collectors,00c180d6-669c-444d-a515-93463250ff61
peerless-refiner,00c3a0cd-2fd7-4058-bbab-21d07e0b509f
ice-ice-baby,00c6fa3a-b8fa-4120-a5ba-5fef268228f5
gentlemens-alliance-cross,00c76090-a70f-4d96-a663-00c2e088ba16
asa-chun,00cbf0db-2caa-4995-9bf5-570b6ff78eef
dragon-quest-vii-warriors-of-eden,00cf4464-60fd-49f8-97df-86c595acb45d
mahoutsukai-to-dragons-loft,00d27570-3fa0-415b-9eec-f4b04c353795
koi-no-annainin,00da3ad0-bd2d-4cc2-850c-4e61561cd176
inuyama-tamaki-channel-bokutachi-no-naisho-no-hanashi,00dd5448-428d-48f5-b55f-7037fc755d27
ennead,00e07ecc-5afe-45c2-807e-bbcdea4e161b
higanbana-no-saku-yoru-ni,00e785b5-3a79-42fa-9d8d-8e63eb1167ab
yoruhime-sama,00eab497-5360-4a3f-b616-093c79b809c4
coponicus-no-kokyuu,00eb5a40-9d63-44b1-9227-d0718ea8a795
three-lies-one-kiss,00f126f5-e2a6-4588-a147-b5ba035f355e
clamp-in-wonderland-ex,00f84604-101c-4aea-96ea-ecf85d8ffa68
omegas-love-affair,00f9a938-2f38-44b8-896b-aea6ce49da2c
mimoza-koukou-bunkasai,00ffe1b6-b9e9-453d-8164-921ce9b91cc2
danaui-jeongwon,0103c05a-187a-45d3-8282-8fd49593b32c
akai-ito-anthology-comic,01075765-3503-4d0a-a08e-f733a56cced6
watashi-wa-kagome,0107ccdf-3b90-454d-9773-f0ebbada147a
happy-sugar-life,010a8606-ab4f-4e3e-82ce-17f19b02f262
happiness-shuzo-oshimi,010a8ee8-847b-44dd-a269-9ac472e9f91a
mosquito-war,010d7f0d-c095-406f-ab2b-03ed8a5d2125
brundage-no-mahou-no-shiro,010db7f3-385a-467c-afdc-1223989d23f3
the-wizard-and-his-fairy,0110603c-92ec-463e-8d13-7651211e492e
neung-neung,0111ec91-d174-43e1-9395-2dceb80ac68b
undead-king,01170729-06db-4c63-85da-39de276d78b7
heroines-game,01194baf-f5c3-4258-9639-3f6b9c1b6678
ng-x-baby,011a0e55-4e70-4280-8544-5426101e6ad8
love-plus-manaka-days,011a1ddc-8b09-44d1-ac5d-ab11226e6c49
zhong-kui,011b52e3-4389-4f32-a7e1-1e799078fad2
nameless-asterism,0123dd7a-8fb9-4004-a001-787598f93d38
monster-petite-panic,0123e7fc-a69f-480f-8b1c-c6e6e4136b15
the-end-days-of-light,0125e2e3-3b0f-483f-9c4f-66975e2fd417
basilis-no-musume,0127fdc7-ea80-4108-acd9-c1ff2c431d2f
kirepapa,012c7f69-cb95-4ecc-bf59-a4986a4dc35a
kamisama-wa-ikiru-no-ga-tsurai,012e8a2a-6a01-4733-9fde-ba1926d5b7fb
bye-bye-love-letter,012eb8dd-7e06-4f58-b88a-c47a5afe1477
koryuu-nara-sude-de-taosemasu-kedo-korette-joushiki-janain-desu-ka,0142cd5c-c0ea-49c6-a81c-2379587d114b
hadacamera,014374f6-c420-4361-9ee9-93675f7e36bb
onsengai-no-medusa,0145f01c-f29b-467d-aa2e-be3487829e23
saijaku-muhai-no-bahamut,0147a14c-8253-4a1e-aa19-232827893106
rikudou,0148ce7c-7abe-4521-9711-70687f00269f
yukikaze-meiji-ishu-kakutouden,0149b6d1-b8f5-4e64-bcda-7a209554381e
kimi-no-koe,0149daa5-89c9-4e05-bf4f-f2440e0d2db7
tengoku-no-honya,014b8ceb-3a47-4004-9677-4a87c6186cac
harapeko-usagi-to-koisuru-ookami,014bdf36-91ed-4f37-9224-9e565dd819b1
omoisugoshi-mo-koi-no-uchi,014f4e49-cd27-43ef-ac23-1633113287c4
metroid-samus-and-joey,01586f0f-6bab-4984-9b55-235fb40d1505
himegoto-wa-hanazono,01593760-623b-49b9-a9cc-a6bd4bbe19ce
cinderella-lesson,015996c5-423e-47c6-8759-9c2bdf8c8e3d
renai-shoshinsha-de-otesuu-wo-okake-shimasu,015bcba9-9fa5-4675-bf8c-12de897a5434
a-mysterious-job-called-oda-nobunaga,01604e79-5c05-442e-993e-a5d0a870e499
haru-no-hitoe,016bb121-e1cb-4c3a-aee4-8312fed27b29
love-live-school-idol-diary-second-season,0170b6bb-f017-493c-bb06-bd01b3457c04
higurashi-when-they-cry-dice-killing-arc,017136ad-ca5e-4b50-881a-fd276610d171
my-chubby-princess,01714ef5-e68f-4c54-ae9d-80a862b76629
mutant-turtles-gaiden,0176936e-eda3-4ba5-9de1-9a74d8048f24
blue-drop,0176e6dd-a502-465d-8f43-70b6b2118276
shen-ze,0177dc79-c099-4e57-a229-aaf36d880f34
danaui-jeongwon,017ac572-b071-4e5c-ace1-7f60889e044c
the-flowers-of-evil,01882116-3e45-4d67-b932-34f60d360086
my-three-thousand-years-to-the-sky,018a3a94-e806-4f70-8f47-6205f98108b2
agnyeo-meikeo,018c2577-f29d-42e2-9e74-979e03bd8930
hirahira-no-tsuri,01920f2c-57f7-402e-b950-5fa8dc1c561d
hana-no-koe,01939907-5f6e-4007-8a6f-220085de3d96
shining-star,01951f30-6134-430b-ab8f-4db21e4ad248
tobaku-datenroku-kaiji-24-oku-dasshutsu-hen,019dd911-cd1f-4bfb-839c-642be1472ba4
oshite-dame-nara-oshite-miro,01a2c59e-1eac-4788-a699-9039c08f2955
koisuru-harinezumi,01a34e62-a4ef-4ca9-af94-05203367e00a
ever-night,01aada03-59e2-4f3f-9302-4655ec2e7016
akaki-tsuki-no-meguru-koro,01ac8dd3-a4e1-4002-8b00-0dc4c6a42676
gokuraku-doumei,01b012fe-95b4-48fc-b071-c5bc90bfc5a5
invisible-boy,01b6fdbc-d34e-4bd6-bad1-1a1f41fff246
mabataki-yori-hayaku ,01b749a6-1cff-4880-a748-a32580e1a04e
" the-queens-knight",01bced4a-4ce7-4309-8e98-a9fc1c89f5c6
ties-of-compassion-break-time,01c06a47-d844-4e4b-8915-f059ddcf9dbb
endro,01c49237-fc9d-435c-874d-99876b3c8598
akumetsu,01c60e88-6a8d-449b-a538-f4946070b108
genkaku-picasso,01c75d8b-6e6c-4118-9fb1-8742ba435959
im-an-overlord,01cb69ea-4558-42b3-9e47-f58e6bb8c5e2
perfect-rose,01d12ee3-2524-43d6-87cf-5216f0d36a87
akuma-de-koibito,01d13025-e2b2-4f6e-b45a-b57115dd56cb
kouteitsuki-jokan-wa-hanayome-to-shite-nozomare-naka,01d3b5f5-1809-4b41-9184-69f33aa96f18
16-sai-shinkon-hajimemashita,01d46dd5-a8d7-4b27-af77-3c32155e4a77
sobiwaku-zero-no-saikyou-kenshi-demo-noroi-no-soubi-kawaii-nara-9999-ko-tsuke-hodai,01d483fe-cc41-4a35-ac15-e0a2d761f342
tomonen,01d65ea4-1f0a-4ccd-96cd-3727b8a7bc94
feng-shen-ji,01e01102-53d1-4bdf-847b-90cfe5b6415d
octave,01e1c180-7fb3-4715-999c-5f197bd27a8c
washizu-enma-no-touhai,01e6296c-9c0f-4329-8854-036aec11595b
watashi-no-kairos,01e7e7d0-8ee3-4f61-9d60-e3871c3ee3f0
kimi-ni-happiness,01e81714-c14e-42db-b03e-808a13a24fb7
shuuen-no-shiori,01eca861-048f-465b-94cd-46fb862b4dc6
wangan-jungle,01f4082d-530f-4b84-b706-83502b6783fa
xenosaga-episode-i,01f5d236-58d7-4db0-8860-5045b0e5f52e
princess-is-that-holy-water,01fb86df-973e-4309-9dc1-028bbdea1a70
getenrou,01fddd87-3cfc-4bb8-b6b9-01c3f66b7cf7
voyeurs-inc,01ff072f-c524-46b0-bc79-e81ae84cc137
mayonaka-no-oyatsu,01ff32eb-c886-4bd3-9b78-6eb01a157a85
sono-koi-ni-wa-wake-ga-aru,020094cb-ca28-4d0c-8556-3f369a68673e
puella-magi-madoka-magica-the-movie-rebellion,020dc431-58d2-4a31-9221-b26b2dce149d
ageha-100,0215e52e-b0fe-4ef9-9bcf-32dd7b12084b
stardust-wink,02190e3f-e3ba-4f9c-8186-7d68d1a7043b
yuki-ga-futte-ureshii,022003e2-2c73-4db1-b14e-681437ecfdaa
akihabara-at-deep,02224f3d-1927-4738-ab43-6948b5b0e966
love-vibes,022462bb-c4c1-4885-b9a3-145ccf1db400
macross-dynamite-7-mylene-beat,0227d5b2-e1db-477c-9636-00c022018d86
hokkyoku-hyakkaten-no-concierge-san,022b4cea-e7c4-4458-901f-631f628cb3cd
b-ball-goddess,022c619c-f8d1-4b97-b142-2d7f602c2805
yongou-x-keibi,022dcbac-54dc-4a96-9fef-91c29187b122
arcana-fantasy,022fa724-d9e4-4f39-a975-efadfa1544f0
aozora-ni-tooku-sakebitari,02311077-b419-4a6f-a470-8f978a6205c5
illumination,0231899c-c94f-4e05-85f6-d2b4554a633f
kuromachi,023460bb-26e7-4c09-a3e2-a7c21254cd67
the-great-merchant-kim-manduk,0236b931-3fba-45dd-827d-2a7300aabb1a
senpai-ga-oyobidesu,023736fb-746c-4e7c-b093-f92700f49cd2
the-girl-on-the-other-side-of-the-glass,0237e46f-07a8-4446-8359-6ffe97777a58
kabocha-no-bouken,02440946-16ad-4d07-abd2-ff14a7f32060
super-boyfriend,0244d403-5842-40e4-a9f5-325c07184863
fork-in-the-road,0245ccce-fa98-4881-b882-96a7c8552eac
the-villainous-doctor,024dfcb1-0162-4e81-898e-ac20c4eed21f
cerberus,0252c37f-5002-473e-b3ab-7c46f545fc8f
yakedo-to-tsumeato,025320dc-5bb5-4be5-90ab-e30d8471503d
tetsuman-tekken-comic,02549615-5b8e-4c26-be81-9474a1f53eee
the-italians-price,025659a9-d380-48ac-90a5-0b82197fea13
little-war,025c4e6a-4636-4c7d-a2d0-281674ad080d
baito-saki-wa-aku-no-soshiki,0260dc22-6d88-4720-90c6-c33f046e5f98
gunmania,02624192-5385-45cf-82f4-17ea233eb847
baka-to-boing,0263b361-5288-415a-ac43-2a8bb998980c
perfect-couple,0267d3e5-fa01-4143-9e00-3c1301697fd7
the-walls-between-us,026a196d-4876-498e-aa9b-324ddd63c0fd
ore-ga-akuma-de-aitsu-ga-yome-de,026dc550-36b2-452d-9b3d-7a9063e47500
hatsukoi-to-taiyou,026ee1e4-2dcb-483f-993f-21a5ad884468
arashi-no-ato,0270529a-eed5-48fc-b6f6-781c12e1d03e
freezing-zero,0272f671-0a04-4236-9852-7eddce55ed1b
take-care-of-my-cat,0277c940-eb2a-48f4-9df5-0a5038206706
ebony,02792e77-d4e5-4789-a086-9f5609e533f3
hana-no-saku-koro,028240e6-d308-415d-8fc2-1e9060eb4108
gto,02860cdf-1020-40f1-a23f-2025d80f6290
the-cat-proposed,028da74e-5242-4b8b-98c7-544f36a141f2
dress-him-up,02909dc6-14bf-4c80-ab6a-766893e97e25
kimi-to-boku-wo-tsunagumono,0290d99b-9976-40e2-aaff-67e542e12c09
dachi-no-imouto,0295d266-4870-4ea3-814b-35f9afc7a9fd
my-youth-romantic-comedy-is-wrong-as-i-expected-monologue,0296dc0b-7635-4154-927a-33c2244c4503
te-wo-tsunaide-sanposhite,0298d204-5a11-4e06-ba18-12d9c1d5663e
the-most-talented-woman-in-the-world,02996c7c-ad97-49cf-adc5-015110df101a
cha-chu-cho,029c0606-410e-431d-b450-a23820a59648
wabi-sabi-hirao-auri-sakuhinshuu,029c8482-e47e-46c1-a8fb-f4ab41d5c2d5
go-southern-ice-hockey-club,029cec9b-fd34-4efd-a2ac-7bd2891342ce
the-benevolent-demon,029d34e5-b083-40e4-b896-93777e84f3d9
i-bid-you-adieu,02a29db3-80cc-48a3-a655-cb9cfbbd5a20
melancholic-princess,02acf661-d1b0-4bb2-b56a-2549931550fa
kitaku-tochuu-de-yome-to-musume-ga-dekita-n-dakedo-dragon-datta,02adf3a3-210f-475a-889f-1db74c58e1f5
renai-ruby-no-tadashii-furikata,02b25b39-9529-4516-906e-73f9687f48d6
kyojintachi-no-densetsu,02b32a9e-bb3a-4527-92a4-70d6963b7dd6
the-invisible-world,02b3f9ba-bfdb-47d8-96ec-7b1cd18c8b82
battle-field,02b5f3f6-f13e-4ef2-9876-e98170ddad35
crimezone,02b92cb7-2af8-4861-9804-7b34b4232b40
clone-of-clone,02ba37fa-26bc-4e90-92fb-c4ba1c27558a
kitto-kiss-o-suru-toki,02c28b42-8f87-4121-b60c-d664e405bd6e
mahjong-club,02c712ec-ef02-45c5-a301-d963aa76d119
knight-princess,02d1de9e-cdca-4726-b6fd-3008ee65eb83
talking-arrogantly,02d23572-90bd-4c2d-9ecf-fc8ee4db11b6
otodokemono-desu,02d3eb01-11e9-4eff-b522-fffa3ca63619
flash-marriage-presidents-contract-wife,02d5f7d6-03dc-46a8-b495-db514c2b4fff
life,02d9f3f0-7cb3-4f7a-8176-b3c4d4c85623
christmas-ni-kagayaku,02dc0f0f-e236-45d7-800f-cf2df02170ec
iguna-kurosu-reigoueki,02df80ee-f4e9-4188-800e-4cf3334529ee
rainy-song,02dfdfbf-8b72-48c8-9854-5d44ae1ddb25
menkui,02e6e17b-c7c9-4f92-8cff-5c9eb58048c2
saratte-watashi-no-knight,02e771ed-7a3b-4c6f-bca9-4bea426b90e3
koudelka,02e84544-3120-42aa-a591-6057fa87e9d1
mao-xiang-fan-zhuan,02e94bd4-b716-404c-b4e1-132cce6bee68
annoying-alice,02f0f46c-3c5e-4338-b20b-ee782cc11932
qq-sweeper,02f5dade-938a-4e5f-b05c-63ac14239e55
sky-blue,02f624ce-2853-428a-a85f-0ebdf36e44f2
corseltel-no-ryuujitsushi-koryuu-monogatari,02fd4de6-deaa-46c1-8344-6c3d280e6844
tatta-hitori-no-kimi-to-nanajuuoku-no-shinigami,02fe0520-c6c7-4d00-9e05-f3082c8dc1c5
kyousou-no-simulacra,02fe9f7b-95a7-4f2b-a72f-639a55f46d33
sim-cheong,02ff6306-f843-44d0-ad51-e2b257b0af99
shokubutsu-mahou-cheat-de-nonbiri-ryoushu-seikatsu-hajimemasu,030157c5-08d1-44c9-b0ed-9d9234f96dff
heaven-shizuru-seino,0305dfa7-352d-4ead-9d80-6af61ed6cc94
red-velvet,030aac88-8d07-4568-8f0f-993ef4cbf889
gurazeni-pa-league-hen,030cbf03-a3a5-4ff7-90f2-c2c6a133d48f
the-great-devil-emperor-development-system,030d9ca4-7aff-43c4-8ffa-0c47c366e830
dairoku-sense,030dab73-ac7b-408e-a82d-87c2721bf89c
pita-ten,030e6c39-7370-48c0-918e-6153e4a8828d
weathering-with-you,0311b163-a021-4c27-bd26-3f83f280115f
tsugi-wa-sasete-ne,0314420c-1e7d-4796-8d11-9a6aca05ce6f
sunset-rose,031838d6-be82-4a57-a83e-6fee93fdc463
youth-playback,03192d0a-3bcf-46ff-87b3-475dda000784
longtime-lovers,031cf94d-f989-4b44-9939-c2bd426875e9
zutto-aishite,0322ef6b-c09a-4d5d-a11f-8e597aaeade5
the-transfer-student-who-came-down-to-earth,032799f1-ddd3-4a0a-94f7-b09b9353c975
kanmuri-san-no-tokei-koubou,0328cd58-d519-45b6-abd2-049cfe63790b
crazy-girl-shin-bia,032938d6-9a20-4b97-a37d-3c4f68a6c9ec
mosspaca-advertising-department,032b3391-2938-43b9-bf58-d62c783a41c4
dna2,032c989c-1051-4891-bf91-05de7e54b360
nekogurui-minako-san,032f2724-e0f6-4af8-95c5-b3bf35fb78d0
henkyou-gurashi-no-maou-tensei-shite-saikyou-no-majutsushi-ni-naru,032f800d-d632-4442-8830-d037d616ead4
black-survival,0335e6e7-9080-42bf-a12c-3e3343abd727
kimi-ni-moete-ii-desu-ka,033ee7a7-d9f9-49cd-8955-30440ac8cdf5
konosuba-everyday-life-in-this-wonderful-world,03426dd2-63c5-493e-853e-485d7c7dc9c0
moon-child,03445f01-f914-4251-87cd-c0712bcb1e6e
ito-mo-tayasuku,0344b7df-7006-4e5b-8d16-bbe1d54c67d0
imouto-wa-america-jin,034677d7-535a-4ea7-ad2e-71838ddadc30
madougushi-dahliya-wa-utsumukanai-kyou-kara-jiyuu-na-shokunin-life,0346b0eb-d56a-4b69-af71-5cf283792372
ten-ni-kou,0346c2d3-9077-4150-93c1-7d6eefc2b1a9
kaichou-suki-tte-itte-mo-ii-desu-ka,0350eeaf-acf3-4242-a0e9-32c565291974
hanamatsuri,03538add-cf55-457e-a671-75f398883bd9
asa-mo-hiru-mo-yoru-mo,0353f06e-dc02-4dcf-b413-5a4f9120b28f
fantamir,0359b73e-c908-4ae8-9e7b-236c834044ca
the-kings-beast ,035c17a2-0a1c-40ab-a07d-0c23bf6f3ef6
toki-no-maigo-o-sagashite,035ced67-13a3-4ae7-8342-a23d641d2869
nana-yuri,035d62cd-8540-47e7-a69b-415840d371a1
makamisama-no-iutoori,036211c1-dee3-466f-b4ac-89cd64251843
noritaka,03662d57-4646-4d8d-bdaa-82c44a8d25a8
the-record-of-a-fallen-vampire,036766ea-5d89-4f3d-8cc4-6d7bcb128b2b
daisuki-desu-mahou-tenshi-kosumasu,0369b86e-a289-4e3d-9c10-105d4144baea
grand-canyon,036b8332-5dcb-4886-bd7b-1caaec2e276b
tsubasa-chan-kimi-wa-macchingu-shita-onna-wa-satsujinki,036fecc8-1e0b-432c-95b5-5c2758cdc00c
thunder-jet,03708800-ca65-441f-968e-b8dc33951c9a
dead-end-loop,03730769-f30b-4133-b2e2-afb1b4985f4a
lost-girl,0375994e-445d-4c7c-aa05-888996ad11a7
naniga-omoroino,03768bc4-1466-435e-9bad-b733f25ee29f
mahou-onna-ga-kuru,0379dce1-e895-4247-8d1b-549da5eb2c48
monsters-inc,037bcbef-8c37-46ec-84a7-d78a3abc17e0
daichohen-doraemon,0383555e-c252-4410-8e18-7eba6f9db0c3
momo-to-botan-to-yuri-no-hana,0385b879-b1cd-4603-8b8b-dea5b335e9b1
kid-gang,038672d9-0e71-4d10-b3a3-04c488590e64
talentless-nana,0386ed2f-7817-4706-8e5c-360b635bcfb6
bobobo-bo-bo-bobo,038740e2-13e5-4e5c-a774-405cf9419b51
imperfect-hero,038859cb-a920-4420-b5f5-43a8ca520c5d
self,0388c95f-5093-4e57-ab9c-43fd5a80da0a
happy-end-imari-arita,0390899b-c0ae-48b3-9b4e-937ebcd9db64
mens-life,0390b0ce-65cf-4380-8899-cdc217383fc8
the-red-king,03944fe6-b4f8-4c27-9d07-54a1237a67b5
gareki-no-shou,039826b3-835e-4fbd-a4a8-63a0069916a0
given,039d717e-9690-47fd-944d-93161b97fbac
kimi-no-sei-kizuato,039e7cc8-c1dd-493a-a529-1e27de819336
hakuouki-junrenka,039eef76-4446-4c01-8bdd-8b009a10c36c
kobito-no-tsumamigui,03a0487f-b933-40b8-8675-ab51b1984390
operation-liberate-men,03a04d3d-067a-4007-ab55-f7d1f6fa63ca
magia-the-ninth,03a3d9fe-f12d-4683-8023-90d29cae67a9
killer-friends,03a9fabd-7d7d-488c-a3d1-4ade66ec0142
the-flower-of-vampires,03abaa1a-be69-4779-b629-41b2f1a8cc94
sorry-for-my-familiar,03b16158-e216-4385-8796-27ea645d74bb
sighing-kiss,03b9e5f9-7834-439c-96e9-b9842f702dd0
capeta,03bcdcf5-1550-4ccb-9c4e-4793cb4b8380
negative-kun-to-positive-kun,03bd434b-bbbc-4fd6-8985-2324a6be08c5
shima-x-dan-my-life-with-boys-on-an-island,03bf0fb2-ae8f-4eff-93a3-a7cc7518061d
crying-freeman,03c2bd97-c26b-452a-909e-34d4210da718
juuza-engi-engetsu-sangokuden,03c3b737-ac5e-4e58-bbf0-7c626114b589
yahabe,03c42f22-3397-47b5-86d6-43def0cd5e7c
umiiro-march,03c5d091-3007-4a4b-80a3-ad673dfe47ab
pygmalio,03c6121f-fc92-4121-b9ee-bf360a094aba
kaiji-gaiden,03c9078a-0730-4637-bb3f-339a226ae3ac
hush-ji-woon-yun,03c994de-ee9d-465d-bd32-d8a8c3b4cb4f
the-demonic-contract,03cdf755-df46-4dc0-94dc-7816e099cd01
udagawachou-de-mattete-yo,03d113b6-8cb5-4980-9378-f41a28468f87
love-share-nana-shiiba,03d4f67d-2142-464d-93f4-dadfcc0dc643
nan-eomma-nun-appa,03d50963-b105-4dc4-a413-c1bab9048491
change-idol,03d919cd-6ace-4516-9acd-122c203f6898
sakamoto-gakari,03e11cfd-32c9-4873-a1d1-7f71fad05652
genshin-impact,03eb6c43-9006-477b-9297-7c4bacb6f694
the-man-who-cleans-up-makeup,03eee952-1a7c-406b-8998-a85b238999d9
dear-friends,03f728da-22b2-4caa-8ec0-0ed9cb857bbc
the-lady-with-a-mask,03f7d7b9-9639-48ab-b346-fee6883be261
battery,03f7d862-123a-40ea-96da-bca2eb6168b0
forget-me-not,03f8725e-40b6-44fb-b5f3-c13a702c2b02
historys-strongest-disciple-kenichi-plus,03fd9260-1313-4a54-986b-f210e0b4d925
mouryou-no-yurikago,0402033b-1057-4275-bd25-7994b95cbcd8
tesla-note,040598d9-5d22-4573-9cb9-b0aaecdc5c7f
secretary,0408ebad-98ad-4e6f-8a0d-0399f21e955a
touhou-sangetsusei-strange-and-bright-nature-deity,040c1cce-7512-4453-824c-68f14cff5e29
midori-kun-wa-junjou,041086e4-5120-4e3c-a811-f21938a2402a
shirokuma-to-fumeikyoku,041478a2-66b2-4f88-8895-eb07bc9bb248
adventures-of-god,04163ab7-1b22-4b10-a3a9-0fbe0b7e9a23
baoh,041ecc98-6e70-4b3d-8a94-ed1245d5ba28
royal-servant,04218e3d-f38b-4c87-a6f9-8d64f2af8521
fantasy-sister,04221702-af13-4650-abc9-f3e66c7a63bb
mobile-suit-gundam-chars-counterattack,042490eb-6186-400f-b79c-d2bd31aeaf77
yura-kun-no-10-ni-wa-himitsu-ga-aru,04277256-e205-4599-af71-755aab26bc89
normal-city,042858df-6099-43b5-89be-53d4e27ebcb5
koisuru-mitsuba,042b4389-a26d-4505-b96b-e9d5fd731f9c
sentiments,042f2af3-24df-46ea-84de-86e4a8f2e62b
edo-of-the-dead,04329c2b-a362-499e-8fe4-123901cc5a00
oto-x-maho,0432bd8c-a475-441e-865a-3489d591b593
houkago-koishita,0434fdc7-fa28-4bbf-ba95-e2169369e447
kawari-nadeshiko-3-shimai-no-himitsu,043660c5-5372-4be5-ac8b-c5fe5124019d
please-ms-gem,0437a954-2c50-4124-87fa-6bf5e37e18b5
light-wing,0437f809-907c-4636-b04a-17f79b7c484d
helvetica-standard,043a0843-49ec-43e8-a72b-bf6c2bb083a9
trigger-bulmanitnyang,043a10f5-c16d-4402-bf82-0f3e8a33de29
haruka-17,043d7872-4e1f-41be-a271-d7e0547fa234
shitsukekata-nijuumaru,043d7c9a-08c1-434d-8037-24d32f57831e
eight-clouds-rising,043f3e96-1878-4978-bf33-f22751da81d1
love-log,043fb287-26b7-4089-87e8-5d72e8ea6c8f
aioi-musubi,0441604c-1b94-49d0-8848-a527ba3e7a3f
love-like-in-the-novels,0446d5a3-2a35-4a0f-91bc-57617ae7eb5e
first-love-suicide-pact,0449364f-2306-43ba-9cd6-53901a4be263
angel-beats-heavens-door,044990d2-4b23-47bd-a25d-dce9c141cd34
tc-225,044a058e-71af-4169-a3b7-c319c7e8d99a
elysion-no-tobira,0452b060-349c-4422-9da1-12bafb9d6724
ochikobore-majo-to-koi-wo-shiranai-tensai-majutsushi,0453c4ab-ba0e-4146-841c-96fe83cb2790
oshigerinanshi-rouchou-tanten-no-yotogibanashi,045ad1b2-090a-4f65-ae8e-c785eb7f59b3
kare-wa-kanojo-ni-kawaru-no-de,045fcc56-2964-4990-a293-4eaf80d3005f
hitodenashi-no-koi,04619453-a172-486a-bbcd-d1f743ca9478
hardcore-leveling-warrior-world-of-tanks,0462b321-f83c-42bb-8b26-582454734b6c
metroid,04683ab2-89d9-431a-8b3e-72e23be543b7
the-poe-clan,046edc6a-67c5-44ae-9afb-e789e108e170
naisho-ja-tarinai-yo,046faa25-f932-4f22-9ad1-e547b36dc2a9
danzai-no-judith,0473f23f-3ee4-4d85-8fe2-f97218f1ef1d
the-space-invade,047684dc-716d-455c-81aa-c06fb18ed9bd
amnesia-labyrinth,047a9427-dfcb-4bb6-a6d7-f762479f22ea
nanbaka,047b49ae-7390-44e5-8a4d-5324c928e351
hand-which,0485fbf8-943c-4397-b59f-ed97e500d0b7
keep-your-hands-off-eizouken,0486e6b2-6551-4938-894a-4e7a72749b47
going-in-the-wrong-direction,0489348f-8a68-4c21-9c67-508c46d9c787
vampire-master,048a257f-9c44-40f3-b6fc-5cbe2042c31d
bigger-hunter,0491bc8a-bfaf-4732-9503-3ac5c4208aba
life-love,04958ebe-66ed-42bc-9d89-7fdbd50f9918
yuki-chan-no-baka-daisuki,0495bbd8-a25a-4603-8710-7904880e5bbb
sensei-no-yasashi-koroshi-kata,04976d19-0417-4144-9251-c9269abf0387
he-loves-me,0499c0d1-7b7b-46c6-a8c8-f301914657ce
gilgamesh-hwan-daeng,0499fc91-fc19-434b-8e66-7dc2fd93a2d7
neko-de-gomen,049ccf8f-8412-4ff3-bfea-2bc64776d1ec
1001-knights,049cd0a3-86e8-4d6b-8027-394b7757821a
my-boy-in-blue,049dc60e-e06d-4ca3-b23c-864ecd7779a5
gt-r,04a2b91d-1aa8-4db6-85a7-6bbc99919670
choujin-sensen,04afa419-196a-4ba1-8b0d-7dfc48b2ba71
rich-player,04b138cd-fd73-4d6d-8552-8d1de84821d2
the-desert-lords-baby,04b379ed-9728-4701-b4f9-f5966944e5d9
blank-canvas-my-so-called-artists-journey,04b6cb84-d641-490a-8141-5426b15cecb9
k-memory-of-red,04b8ce92-a539-4d42-a326-06941a8e4d91
motto-himitsu-no-akuma-chan,04bb5f70-e189-4f85-ba5e-ffa01af9e3e2
otasuke-hito-hashiru,04bb64eb-3035-4efd-b038-5c6b4a0549d1
aosora,04bca7eb-2a47-488d-a227-17dbda5371cf
a-la-carte,04bd11c5-64e0-4c06-ae8e-bae2d2f9072d
without-the-sun,04be1816-8fba-45f8-a3d0-3ad05718e874
ore-koi,04c06d4a-7601-4221-b9f7-5ecbb71b6e56
hatsuai,04c1c834-0240-4f21-a628-2548f71d2dd2
bitansan-renai,04c3b37c-78a2-4ac5-8336-744cf355d839
so-serious,04c9f2ef-1c39-4787-a003-33c02d264db0
cat-shit-one-jp,04cf9cb6-c924-4e80-98e2-a998b4b9b578
garden-dreams,04d3680f-0cad-4009-a394-33fedf5ee31d
toki,04d4dcd8-c009-476e-86f5-d00ddb2057bd
ochitekita-ryuuou-to-horobiyuku-majo-no-kuni,04d69339-a879-4608-82c0-f891b4f10e7d
georgie,04d82d45-21cd-4ff4-8da3-b0f5404b87d4
tenjou-no-kajitsu,04d899da-c6ae-4bc5-b73b-7f621a48d32e
orphen,04db6969-ad71-45f9-85e8-5bcbef10c029
stand-up-start,04dba92e-70f7-4fff-a5b5-7b5b8c65e90d
alichino,04de2b0d-431e-49f9-b5c7-7d1a54839030
bunny-and-the-boys,04de6bc7-3679-4203-b728-ac57f49678da
shinomiya-kun-no-sekai-ga-owatte-mo,04e206c5-35cb-4f02-9f15-bf3f1a24986e
a-coward-falls-in-love,04e40ed5-922f-4b34-bd57-2fc6c7ccdde5
kamisama-ni-kago-2-nin-bun-moraimashita,04e50c53-ac8b-4f3b-970b-01d078493afe
akuma-wa-sasayaku,04e54c8b-9d31-4868-a6ce-18b80cc1762d
menhera-shoujo-kurumi-chan,04e8402a-5e1d-4f58-aa2b-24fad8ffab50
hatsukoi-wa-gunjou-ni-tokeru,04f1760c-37c3-4de1-8f32-ea1a93b0755a
rasetsu,04f22916-0e69-4d58-b927-91b75dd28795
soulmate,04f2b88a-e167-410e-ac38-4fd4777f4e0f
momoiro-sango,04f45ed5-469d-44e0-8733-04174b6487de
buta-no-liver-wa-kanetsushiro,04f6660b-0018-452d-844a-a205594dd66d
himouto-umaru-chan,04f7cd48-d429-4741-b821-5689d316ac1c
machimaho-i-messed-up-and-made-the-wrong-person-into-a-magical-girl,04fe6d31-460f-41f3-b56a-5e4f7659afa5
hakobunjaa,04fe7b0d-a5f2-4ee5-b652-32d33abd76a2
moyashi-otoko-to-tane-shoujo,050333a3-2c1c-4b74-8b8a-628b20ccd76a
big-hero-6,0504da67-e636-4b3e-ab9b-48e8d4264fc6
mirumo-de-pon,05052483-2aba-457a-9750-eae7eac9b895
twilight-hour,0509eb8e-e129-4b08-9398-5bf5198af9c4
time-slipper-yuki-no-choujikuu,050ed1ea-bf98-4612-804a-1e045b90b0f0
atashi-hitori-de-daijoubu,0510e3fc-a693-4fb5-ae09-80e63df31f5c
toukyou-kettou-kanjou-sen,0512e2a1-a241-42ab-ab19-24f092a769e4
jinbe,0515dcf5-c6e3-40e6-8654-3dd5d61be4eb
tonari-wa-nani-wo-kuu-hito-zo-horoyoi ,05181bf1-4b76-4d45-8f55-2d7c28416994
mimi-ni-nokoru-kimi-no-koe-wa,051a71f8-355f-4426-aac1-56b68fb14ddd
priceless,051aa32b-07a7-40b3-a1d7-ae96b7fe02de
kouiu-no-gaii,051ce60f-bf16-432a-89a5-a8d52bd16de6
kaketa-tsuki-to-doughnut,051e6a66-7373-4583-98b6-b746153041e9
suyojeon,051ecde7-f728-4e4f-ab4d-5589a1f07d45
knights-minoru-murao,05218715-dbc7-44f2-ae3a-1447695bdd03
arranged-marriage-with-my-beloved-wife,0523e93e-b753-4460-bdbe-f709861228bf
battleship-girl-koutetsu-shoujo,05255927-1470-47c5-9e71-8ad6fa760824
itsuka-wa-kuma-goroshi,052a2c6b-e910-4b30-848f-0ffd341998a6
kitsune-no-yomeiri,052b1d84-519f-4174-980c-9e4cbcb5e366
futoukou-no-nichijou,052dd24e-5362-48f6-b1ef-b7a6e1afeb5d
kukkorose-no-himekishi-to-nari-yuri-shoukan-de-hataraku-koto-ni-narimashita,0531e50a-78b2-4e79-8e8d-c0796493dcd2
wedding-impossible,0535c66a-d845-45d6-96a7-300111a13e4a
cutie-honey-tai-devilman-lady,053876c4-5042-4536-a063-3da2e8b4a998
mashiroiro-symphony-wind-of-silk,053dc17d-0406-4b0c-aeac-923fa24f3695
gamushapa-heart-beat,05424f5a-6278-40ca-a319-631bdef6c0d3
ga-geijutsuka-art-design-class,05465a70-d731-4021-863a-089acd9f0061
gg,054708bb-644e-4434-8936-f021feccd036
kamisama-onegai,0548abc8-ded2-4ece-96d8-b16ff5a709ff
chuusotsu-roudousha-kara-hajimeru-koukou-seikatsu,0551a84a-924c-4965-9af3-5cb31ba8b4b8
samurai-crusader,0553551f-1bbf-4d53-9fb0-cf7cfee152c4
kikonsha-desu-kedo-nani-ka,055da9ac-5d5b-4fd2-8ae9-a1eaed0a93ec
mystical,055dc933-3579-4650-9e2e-a64d077865e7
daddy-boy ,0563aedb-ecea-4916-a6a3-44e047ce0ac8
drunk-in-love,05648383-3ddc-4199-bec1-3358d90bbaa4
theres-a-demon-lord-in-the-floor,05667b38-4ba4-483c-9324-5d386015e022
warau-ishi,0566b133-c2dd-4e87-86ef-915050d1eec3
im-at-end-of-your-sight,05679d0e-03df-498f-a251-625d387d0efd
ookami-shoujo-laura,056915a8-4320-4d57-9c48-9ec6abf7aec9
valkyrie-drive-mermaid-,05694d77-ecaf-4dba-b5e0-165f062439f0
citrus-eyes,056c33c6-bea0-4d89-9f2b-3d35c1da96b3
okujou-fuukei,0572560e-b1d3-4c45-a5aa-46f331645c22
tiger-books,0577dcca-7326-4896-a727-2b86fa73da05
silver-kazuko-fujita,057b9b11-7bbe-4758-a6d3-501a60bba0bb
menacing-dogs-another-secret,057c7346-5a82-4119-a2dc-b0f769f18551
aoi-honoo-kaoru-tsuchi,057cab96-c972-418e-bd3b-ccf9ae1d8461
heartland-no-juunin,057cbb2f-2c25-4f86-a4b0-66c8b0c90892
mayonaka-no-stellarium,057dda2a-268a-44eb-8e73-cee6a54cbdc4
junai-bride,058192d1-8249-4816-8495-ee0555fa6b37
sayonara-miniskirt,0581c802-2766-4956-aed8-daee0b493c35
a-concubines-daughter-and-her-tactics,05824537-9e1e-4a35-96a5-0a5ff8b0a8ac
embalming-the-another-tale-of-frankenstein,05875db7-5d63-4157-86e3-7e148a851b63
5-fungo-no-sekai,0591023f-4d7d-4959-a81d-135eeacb6604
fuan-no-tane-plus,0591325d-191f-4632-a9e7-bae6fc64f120
pendant-of-the-elemental,05939224-4ceb-4aaa-a219-2082a554aa22
roe,05953f79-61b7-4ffb-bd45-28d668912675
fizon-core,059a37a9-844f-4fe0-8269-974dc9c338cc
kimi-ga-shinu-natsu-ni,059a5761-1ef4-4d37-8737-69bbe49c4e83
cats-world,05a04e0b-43fa-46a5-a9bf-673b20f692a3
double-cast,05a3c33b-42ed-46ea-9f5d-a6344143dfed
winter-woods,05ab8f64-34bc-4843-b686-45980d9256a5
super-money-worship-system,05ad9bf7-12f0-4e70-acc5-d25d382d6d3a
koishite-hoshii,05b16175-c7f7-4a7c-85d5-fa45702bb2ca
futatabi,05ba257a-e70a-4ba3-9784-2230ec7162b4
magical-school-lunar,05c14279-72d2-4696-a974-59a7e709e3e3
kojiin-tamer,05c2917a-e0a4-4c55-abac-8be0f8b213e4
chichi-chichi,05c5464a-babb-46f9-9489-a469394f1fe0
chocolate-cosmos,05c6f020-e754-40dd-8e16-2516faed00cc
kagemusha-no-skirt-wa-haite,05c874b8-6856-4d96-bd1d-8079eb365a4c
fateapocrypha,05ccee57-de43-4e77-8381-253ff81f6cd5
kiss-kiss,05d03999-32e5-41bc-bae5-e510c1d6b9bb
fugurumakan-raihouki,05d451c9-0320-448c-a89d-899863987ad9
konna-boku-demo-maid-ni-naremasu-ka,05d59e44-d571-4507-8022-b429a4f97c25
the-boy-out-of-my-reach,05d5d608-11f8-4c07-b5ad-523d807214c8
ghostrong,05d74a77-3f30-434a-9bce-f68e98596c50
murcielago-arana,05e06e87-ae1e-411e-a2bf-1b3def22f5bc
himegami-no-miko,05e20804-3b41-4830-a1d3-a8a553a8be5a
mitsukubi-condor,05e21132-17da-4bed-8b46-19a329211338
ransetsuki,05e41447-5317-4e3b-8e86-77206306d4b0
unspeakable-contact,05e57c5e-8653-4f69-9b72-72fc2067cac7
your-and-my-secret,05e61a90-210f-4680-b841-4f124f303ea0
taiyou-wa-kimi-ni-kagayaku,05e9b6ba-be2f-4974-b15d-29ca3cdb5d87
himegoto-comic-anthology,05ebe01d-172b-4a17-af60-9e7184feb4a1
honto-no-kanojo,05ec0988-dae8-4acf-928b-43c5f7209098
dark-star-emperor ,05f0c39f-1ae0-403c-b521-85122d4db458
gekkou,05f1196e-c551-4c85-9a25-b600ab58b457
mamahaha-no-tsurego-ga-moto-kano-datta,05f282b4-5010-48ff-8729-90059e90de57
seishun-kouryakuhon,05f3f58b-efd2-4d6d-bdf6-efd991fe5495
hatsukoi-counter-attack,05ff3e41-832f-43c2-ad19-000c3de3509d
kiss-happiness-kiss,06020d3e-3f5a-4d18-bc73-6d12acda0370
alley-of-first-love,0602920f-3407-4aa9-b41c-8768cf2f2db9
maison-de-beauties,0604f907-17ea-40f5-bd44-05ec1ea23030
deor,0608d5ad-2b6f-46d3-b9a1-d4978d9df0b8
hideout,060efa4f-3cfc-4555-b6a8-634d7dc84aa9
