0001183c-2089-48e9-96b7-d48db5f1a611,https://s4.anilist.co/file/anilistcdn/media/manga/cover/medium/8734.jpg
00016bf9-455f-44e5-ab27-55ac7f69aad2,https://www.mangaupdates.com/image/i280610.png
000983fe-d3c1-4e66-aecf-bd207d1afa09,https://s4.anilist.co/file/anilistcdn/media/manga/cover/medium/n77677-kUkn1xs4Zkny.jpg
000b5d62-21ac-470a-b16f-40f35f4c5bfe,https://s4.anilist.co/file/anilistcdn/media/manga/cover/medium/4172.jpg
000d87a2-63cc-4760-b7a0-8393c14fa6b4,https://www.mangaupdates.com/image/i340391.jpg
000f87d6-92fe-434d-ac76-da6ad9286acf,https://s4.anilist.co/file/anilistcdn/media/manga/cover/medium/16553.jpg
00135d3d-06a2-41a7-aec9-e949f9536b00,https://www.anime-planet.com/images/manga/covers/the-coastal-line-train-61098.jpg?t=1614381164
0015dc62-5b46-469a-8138-e32a043e60f9,https://s4.anilist.co/file/anilistcdn/media/manga/cover/large/bx85138-74SNsMS77eTC.jpg
0016f819-f9a0-482a-8df2-d735a1773b51,https://media.kitsu.io/manga/poster_images/47221/large.jpg?1533495888
00170e66-713c-40ed-aa75-8c029cdcc3d9,https://www.mangaupdates.com/image/i296674.jpg
00171d76-68e9-4135-8c2b-d645deebeb82,https://s4.anilist.co/file/anilistcdn/media/manga/cover/large/bx30318-sCCZOBHKiU5f.jpg
00175cdf-dc95-4eb9-aa41-4c9c86088d65,https://s4.anilist.co/file/anilistcdn/media/manga/cover/large/bx52441-pzUaa781BJba.jpg
001a2289-ad1a-4544-b1d8-3465dbb14a86,https://s4.anilist.co/file/anilistcdn/media/manga/cover/large/bx107659-Ae4JPLGJnvwD.png
001c5f74-c18f-4ab5-9cd6-a46455932934,https://s4.anilist.co/file/anilistcdn/media/manga/cover/medium/10882.jpg
001f4bb7-d544-4e5a-8efc-2abc012f4e09,https://s4.anilist.co/file/anilistcdn/media/manga/cover/large/bx104823-aqsB1bScVgeT.png
00204d60-d5c8-486d-9dbc-868a91d27612,https://s4.anilist.co/file/anilistcdn/media/manga/cover/medium/2520.jpg
00251b0a-d30f-4433-b20c-33eb76449f92,https://s4.anilist.co/file/anilistcdn/media/manga/cover/medium/4220.jpg
0025e816-e52c-47da-88fe-fdd5a5170299,https://s4.anilist.co/file/anilistcdn/media/manga/cover/medium/56341-Ai9AAK5sAijO.jpg
0026cc9e-8150-4494-ba8d-50887726d974,https://media.kitsu.io/manga/poster_images/53058/large.jpg?1533498739
002835a6-c7e5-4ec2-a907-dbe32117b104,https://s4.anilist.co/file/anilistcdn/media/manga/cover/medium/46074.jpg
002871dd-5d07-4204-a6fd-a33a44af2630,https://s4.anilist.co/file/anilistcdn/media/manga/cover/large/bx119751-kK3509e03W4H.png
00293f4b-8ccc-4f65-95ef-b1a0c32d5ac8,https://s4.anilist.co/file/anilistcdn/media/manga/cover/large/bx96167-qDd9g45Rm1Jp.jpg
002a8f9e-b2e1-4841-8745-bd3d66f252e6,https://s4.anilist.co/file/anilistcdn/media/manga/cover/medium/1499.jpg
003097c2-c8ee-4eda-908f-7c427f417245,https://cdn.myanimelist.net/images/manga/2/240032l.jpg
003849a4-e249-4399-a199-34786b8ff91f,https://s4.anilist.co/file/anilistcdn/media/manga/cover/large/nx100421-fCb053cBThkA.jpg
003876eb-1b3e-4bed-a18d-a6ea486848ba,https://s4.anilist.co/file/anilistcdn/media/manga/cover/large/bx38566-M4F1MNMkC5p2.jpg
0039eb9b-f6ee-408f-875f-7c5380232861,https://s4.anilist.co/file/anilistcdn/media/manga/cover/large/bx110936-XaUY60eM5fze.jpg
003b5f82-1f80-4775-bef2-d5c5bc81f3c9,https://s4.anilist.co/file/anilistcdn/media/manga/cover/large/bx116955-QNusBdetjbpg.png
003e1cfd-b4f9-4d66-9080-34455ac19a96,https://s4.anilist.co/file/anilistcdn/media/manga/cover/medium/9123.jpg
003e7fbf-f047-4783-a7df-1533a2a653d4,https://s4.anilist.co/file/anilistcdn/media/manga/cover/large/bx53627-fHXEQ3eT0zPN.png
00446151-d199-45d6-8671-821db1151e6c,https://s4.anilist.co/file/anilistcdn/media/manga/cover/large/bx116671-J190Pg9cRYRK.png
0046506d-6805-4476-879c-5b398a84ac68,https://s4.anilist.co/file/anilistcdn/media/manga/cover/medium/927.jpg
005051e7-5e35-472f-b266-d3a37ce61ea6,https://www.mangaupdates.com/image/i340586.jpg
005143c6-d844-4e51-bd68-625cd66242c1,https://s4.anilist.co/file/anilistcdn/media/manga/cover/large/bx109399-7tbqT22Imb1v.jpg
0051e50a-e30c-4bb2-b378-c3da82463ee1,https://s4.anilist.co/file/anilistcdn/media/manga/cover/large/bx103816-NcTINbbTZxMp.jpg
0056e7a5-33fc-4aa3-97e1-6a74170c7f50,https://s4.anilist.co/file/anilistcdn/media/manga/cover/large/nx67489-9ZkuKlUuSw2A.jpg
00575427-0dcd-4905-b764-16f3aea8bfe4,https://s4.anilist.co/file/anilistcdn/media/manga/cover/medium/98086-ak8xTFv2kqAF.png
0059301b-9aa5-4dbe-98a0-a1cdde873332,https://s4.anilist.co/file/anilistcdn/media/manga/cover/medium/31301.jpg
005b434a-f5ba-49cc-8a97-549ae4a386c6,https://s4.anilist.co/file/anilistcdn/media/manga/cover/medium/47859.jpg
005b7e3c-2927-45ae-87db-bb3aa04c65e0,https://www.anime-planet.com/images/manga/covers/mage-and-demon-queen-28661.jpg?t=1534886219
005bf9d0-afcf-4fd6-b422-3c4393ef8c23,https://s4.anilist.co/file/anilistcdn/media/manga/cover/medium/97764-iHDMhVZlDeTs.jpg
005defc5-b51f-47f2-8e29-da0f1e4c48a3,https://www.mangaupdates.com/image/i310830.jpg
005ff962-889d-4614-82b1-630ff97e846e,https://s4.anilist.co/file/anilistcdn/media/manga/cover/large/bx32308-icmsBuomiK7k.jpg
0060d8ec-a17c-4273-b430-83233ce0818e,https://www.mangaupdates.com/image/i334308.png
0064ebff-4cbf-444f-bb0d-fbc824d1e370,https://www.mangaupdates.com/image/i260550.png
00686876-f413-49a5-a39e-8bd905d53c12,https://www.mangaupdates.com/image/i290805.jpg
0068e60c-330e-47b3-a84b-2fe533741171,https://media.kitsu.io/manga/poster_images/56580/large.jpg?1592741485
0069d76b-26ee-4656-a1bf-938110bca4b2,https://s4.anilist.co/file/anilistcdn/media/manga/cover/medium/44369.jpg
006a499e-cb23-42eb-bb60-d6ad8b4bd427,https://s4.anilist.co/file/anilistcdn/media/manga/cover/medium/98185-3jXJDhBQIeN1.jpg
0070370f-18a6-4289-8d82-8b1d7c7339d9,https://www.mangaupdates.com/image/i112331.png
0070851b-c8ac-4751-964a-4bb13d821f9c,https://www.mangaupdates.com/image/i249705.jpg
00710da8-d320-42e5-a76d-fa0fae6017cc,https://s4.anilist.co/file/anilistcdn/media/manga/cover/medium/5767-IzXKDphbqb5R.jpg
00719812-4db7-4a62-bd47-f91c7b2fb86c,https://s4.anilist.co/file/anilistcdn/media/manga/cover/large/bx30615-ekENaEZEdvHf.png
007250a2-6dec-4349-bf54-61c62581a779,https://s4.anilist.co/file/anilistcdn/media/manga/cover/large/bx45313-HDv6G65yoYpz.jpg
00762b75-7f1c-4fd8-bb22-2385eb81cb31,https://media.kitsu.io/manga/poster_images/39817/large.jpg?1500761884
007c16b6-f30d-444e-b8c9-96bd8417192f,https://www.mangaupdates.com/image/i242566.jpg
007e8be7-7686-483e-9044-4aa2c85fe11e,https://www.mangaupdates.com/image/i323652.jpg
007ececa-e5d1-471d-9f16-a21a73481164,https://s4.anilist.co/file/anilistcdn/media/manga/cover/large/bx100035-Fz6yxICi5ZKP.png
008137d4-7b32-4bfc-95c3-8133aa184c28,https://www.mangaupdates.com/image/i328257.jpg
008511cd-ffc3-4ec4-a559-a6baeb2325ed,https://media.kitsu.io/manga/poster_images/31257/large.jpg?1434317547
00861d20-cb93-48d3-8130-9a9a46660ffc,https://s4.anilist.co/file/anilistcdn/media/manga/cover/large/bx115218-M5Jt5O4IvXqv.jpg
0088c8ad-eb0f-44fd-8e92-db2028eb40c0,https://www.mangaupdates.com/image/i11644.jpg
00893d86-c910-4247-b5cb-a2a0e0380012,https://s4.anilist.co/file/anilistcdn/media/manga/cover/large/nx98334-4GzZcjlCd0z5.jpg
008cda8e-2c41-4c89-8c97-62bd17af0fdf,https://s4.anilist.co/file/anilistcdn/media/manga/cover/large/bx107504-GeFJalA4rOav.jpg
008edf0a-2d29-4cca-abc7-f617e2baa6cf,https://www.mangaupdates.com/image/i250750.jpg
00904334-01f1-4174-a81e-9170c9f54b97,https://s4.anilist.co/file/anilistcdn/media/manga/cover/medium/22598.jpg
00947262-6cd7-436d-bd32-12c010527ee1,https://www.mangaupdates.com/image/i295246.jpg
009917c4-ae35-4cee-b83e-47ba28f1bbcd,https://s4.anilist.co/file/anilistcdn/media/manga/cover/medium/90848-RKfRJ3Slenyk.jpg
009a2f1f-666e-43f2-b424-782daf5a00c8,https://s4.anilist.co/file/anilistcdn/media/manga/cover/large/bx62017-Cw7XBmpop2R0.png
009b6788-48f3-4e78-975c-097f54def7ab,https://s4.anilist.co/file/anilistcdn/media/manga/cover/large/nx85529-HkvFZWHt9WSo.jpg
009bd26f-23b2-4f6e-9ed9-ba49391c49e8,https://s4.anilist.co/file/anilistcdn/media/manga/cover/medium/b121471-msn61EnzK2x6.png
009c62ce-6064-4409-9949-4f00ba6d593c,https://s4.anilist.co/file/anilistcdn/media/manga/cover/large/bx119267-srT1RQfaP35n.jpg
00a28555-7446-45a4-a8e5-3df049328f37,https://cdn.myanimelist.net/images/manga/3/168287l.jpg
00a2a2fe-c93d-4950-9ed4-9ebdd84b1fdd,https://s4.anilist.co/file/anilistcdn/media/manga/cover/medium/b37096-hMht4Kr2isTM.jpg
00a508ea-92c3-4a75-be73-14a0415c974a,https://media.kitsu.io/manga/poster_images/51353/large.jpg?1533497826
00a52d8a-5148-4198-b2bb-cd8ce619519e,https://www.mangaupdates.com/image/i329020.png
00a82fcc-997d-4139-9d2c-8935628199c5,https://s4.anilist.co/file/anilistcdn/media/manga/cover/large/bx105131-TCEA4NyrCmay.png
00af0a04-1535-4f25-85b6-7d1b119dc48d,https://s4.anilist.co/file/anilistcdn/media/manga/cover/large/bx122118-5fcohikfX9ex.jpg
00b07667-f12a-4bfc-b6c5-208b2e003a98,https://s4.anilist.co/file/anilistcdn/media/manga/cover/large/bx78341-G9fvpKlsX1ph.png
00b0e589-0d00-495b-b69d-867b699a1b66,https://www.anime-planet.com/images/manga/covers/path-to-you-33633.jpg?t=1550236292
00b1bc4e-ff62-470b-9e9e-a0ce20ecc710,https://media.kitsu.io/manga/poster_images/55403/large.jpg?1571547736
00b4e5ae-2502-4f24-954f-f8412f4d22ec,https://www.mangaupdates.com/image/i336500.jpg
00b5305f-7770-4338-8e61-9871e57e3193,https://s4.anilist.co/file/anilistcdn/media/manga/cover/large/bx86501-sYFpYjwTBXR8.jpg
00b64b8f-cb7e-4322-9855-3669fe210ac7,https://s4.anilist.co/file/anilistcdn/media/manga/cover/large/bx118848-WqXhdIVRa1wh.jpg
00b82a54-2faf-44d7-a5a2-2ac80e516851,https://www.mangaupdates.com/image/i105296.jpg
00ba6332-cfd9-418c-a515-eb3a54cb7292,https://s4.anilist.co/file/anilistcdn/media/manga/cover/medium/3966.jpg
00bda9c9-f057-4e0e-9b3a-875489529a4d,https://s4.anilist.co/file/anilistcdn/media/manga/cover/large/nx101207-EPAsHk99DxXt.jpg
00c180d6-669c-444d-a515-93463250ff61,https://s4.anilist.co/file/anilistcdn/media/manga/cover/large/bx48844-qy7Cfkggezg5.png
00c184ee-2e8c-4ec6-b16d-18651ecb7361,https://s4.anilist.co/file/anilistcdn/media/manga/cover/large/bx109462-bKntlniBjAU4.jpg
00c3a0cd-2fd7-4058-bbab-21d07e0b509f,https://s4.anilist.co/file/anilistcdn/media/manga/cover/large/bx104316-jb2UnBY8sD4N.jpg
00c6fa3a-b8fa-4120-a5ba-5fef268228f5,https://s4.anilist.co/file/anilistcdn/media/manga/cover/medium/10887.jpg
00c76090-a70f-4d96-a663-00c2e088ba16,https://s4.anilist.co/file/anilistcdn/media/manga/cover/large/bx30037-LVO7WpCUAOjd.jpg
00cbf0db-2caa-4995-9bf5-570b6ff78eef,https://s4.anilist.co/file/anilistcdn/media/manga/cover/large/bx62093-sgllSDPjjOf8.png
00cf4464-60fd-49f8-97df-86c595acb45d,https://s4.anilist.co/file/anilistcdn/media/manga/cover/large/bx31175-nwaxxlcUO9bB.png
00d033bb-0102-4d92-9348-51acf1047512,https://www.mangaupdates.com/image/i150606.jpg
00d27570-3fa0-415b-9eec-f4b04c353795,https://media.kitsu.io/manga/poster_images/51381/large.jpg?1533497835
00da3ad0-bd2d-4cc2-850c-4e61561cd176,https://s4.anilist.co/file/anilistcdn/media/manga/cover/large/bx31994-oqAcshGsT5fW.jpg
00dd5448-428d-48f5-b55f-7037fc755d27,https://www.anime-planet.com/images/manga/covers/inuyama-tamaki-channel-bokutachi-no-naisho-no-hanashi-58915.jpg?t=1609194392
00dd8a7d-635b-4206-97f4-d42ae3992389,https://www.mangaupdates.com/image/i4786.jpg
00e07ecc-5afe-45c2-807e-bbcdea4e161b,https://www.mangaupdates.com/image/i297934.jpg
00e3ccc4-0ec3-4fd2-9c2e-a574b463f2af,https://www.mangaupdates.com/image/i336189.jpg
00e51ba5-08d4-45de-ada1-3e090cc43dd4,https://www.mangaupdates.com/image/i300370.png
00e73ebd-d806-4dd3-ba57-379785ca403d,https://www.mangaupdates.com/image/i295732.jpg
00e785b5-3a79-42fa-9d8d-8e63eb1167ab,https://s4.anilist.co/file/anilistcdn/media/manga/cover/large/nx48774-BtkryNwAsAKK.jpg
00e896e3-d038-445a-b81e-42ae91351344,https://www.mangaupdates.com/image/i342762.jpg
00e9b9b9-7c2a-4347-8b03-cebfa6f366a9,https://s4.anilist.co/file/anilistcdn/media/manga/cover/large/bx94916-Mp07vxip3NX1.jpg
00eab497-5360-4a3f-b616-093c79b809c4,https://s4.anilist.co/file/anilistcdn/media/manga/cover/medium/b96963-5gy5jrMVeePi.png
00eb5a40-9d63-44b1-9227-d0718ea8a795,https://s4.anilist.co/file/anilistcdn/media/manga/cover/large/bx39700-Rj86PPXYLF5y.jpg
00f0abe2-030f-4060-b86c-411965eb1ffa,https://www.mangaupdates.com/image/i3641.jpg
00f126f5-e2a6-4588-a147-b5ba035f355e,https://www.anime-planet.com/images/manga/covers/three-lies-one-kiss-59847.jpg?t=1612048533
00f5732b-8af2-4c5a-b2bb-e42bd8b25be5,https://s4.anilist.co/file/anilistcdn/media/manga/cover/large/bx91725-2wisJLOBwqyH.jpg
00f84604-101c-4aea-96ea-ecf85d8ffa68,https://s4.anilist.co/file/anilistcdn/media/manga/cover/medium/8882.jpg
00f9a938-2f38-44b8-896b-aea6ce49da2c,https://www.mangaupdates.com/image/i342192.jpg
00fc012b-8d52-489c-9529-ee60934cbb0e,https://www.mangaupdates.com/image/i258326.png
00fc664e-edfd-42e8-b117-28300e2b1517,https://www.mangaupdates.com/image/i218289.jpg
00ffe1b6-b9e9-453d-8164-921ce9b91cc2,https://www.mangaupdates.com/image/i147419.png
01032477-8a98-4240-9b34-f480772d3c5c,https://www.mangaupdates.com/image/i226528.png
0103c05a-187a-45d3-8282-8fd49593b32c,https://cdn.myanimelist.net/images/manga/1/161537l.jpg
01049e59-a670-4c69-97bb-0e2d5f612e14,https://media.kitsu.io/manga/poster_images/55862/large.jpg?1580302393
01075765-3503-4d0a-a08e-f733a56cced6,https://www.mangaupdates.com/image/i55569.png
0107ccdf-3b90-454d-9773-f0ebbada147a,https://s4.anilist.co/file/anilistcdn/media/manga/cover/medium/16251.jpg
010a2252-bdc9-4cd4-bbcd-603cc9c3c6b2,https://s4.anilist.co/file/anilistcdn/media/manga/cover/medium/17756.jpg
010a452a-0bb0-4c2b-b258-6655c977b3eb,https://www.mangaupdates.com/image/i24416.jpg
010a4fda-4e13-48bd-be3f-8d6ac4dcdbcd,https://www.mangaupdates.com/image/i112648.jpg
010a8606-ab4f-4e3e-82ce-17f19b02f262,https://s4.anilist.co/file/anilistcdn/media/manga/cover/large/nx86655-lIHakr50wCDY.jpg
010a8ee8-847b-44dd-a269-9ac472e9f91a,https://s4.anilist.co/file/anilistcdn/media/manga/cover/large/nx86136-NKn5H8cLsHX7.jpg
010abcb5-c705-4dcb-a51d-49b2c518b673,https://www.mangaupdates.com/image/i331582.jpg
010d7f0d-c095-406f-ab2b-03ed8a5d2125,https://s4.anilist.co/file/anilistcdn/media/manga/cover/large/bx102896-4uSAJBlMLyhd.png
010db7f3-385a-467c-afdc-1223989d23f3,https://s4.anilist.co/file/anilistcdn/media/manga/cover/medium/42721.jpg
010f70a7-5239-4b2a-a84f-903187f58cac,https://media.kitsu.io/manga/poster_images/52600/large.jpg?1533498489
0110603c-92ec-463e-8d13-7651211e492e,https://s4.anilist.co/file/anilistcdn/media/manga/cover/large/bx67585-nBtWUj1ciTdZ.png
0111ec91-d174-43e1-9395-2dceb80ac68b,https://www.mangaupdates.com/image/i121957.png
01170729-06db-4c63-85da-39de276d78b7,https://www.mangaupdates.com/image/i252782.jpg
011781ed-ecda-4c75-b0b3-ea6b59bb27cb,https://s4.anilist.co/file/anilistcdn/media/manga/cover/large/bx98256-1qR1nqmXAC4P.jpg
0118c3ef-457d-4aed-b1e6-ccf8ca9c3f18,https://www.mangaupdates.com/image/i339473.jpg
01194baf-f5c3-4258-9639-3f6b9c1b6678,https://s4.anilist.co/file/anilistcdn/media/manga/cover/large/nx102956-ifYQibHX0Y3U.jpg
011a0e55-4e70-4280-8544-5426101e6ad8,https://s4.anilist.co/file/anilistcdn/media/manga/cover/medium/10938.jpg
011a1ddc-8b09-44d1-ac5d-ab11226e6c49,https://s4.anilist.co/file/anilistcdn/media/manga/cover/medium/19137.jpg
011a438a-1984-46e8-aa96-76cdf3f8fa12,https://www.mangaupdates.com/image/i328992.jpg
011a8821-8fea-447b-aff9-cb0212487eac,https://www.mangaupdates.com/image/i321015.jpg
011b52e3-4389-4f32-a7e1-1e799078fad2,https://www.mangaupdates.com/image/i193846.jpg
0123dd7a-8fb9-4004-a001-787598f93d38,https://s4.anilist.co/file/anilistcdn/media/manga/cover/large/bx97127-1MzUOiEImXF8.jpg
0123e7fc-a69f-480f-8b1c-c6e6e4136b15,https://s4.anilist.co/file/anilistcdn/media/manga/cover/large/nx98269-FTuLVAwk1QfN.jpg
0125e2e3-3b0f-483f-9c4f-66975e2fd417,https://www.mangaupdates.com/image/i208711.jpg
0127fdc7-ea80-4108-acd9-c1ff2c431d2f,https://s4.anilist.co/file/anilistcdn/media/manga/cover/large/bx31226-0dQNpoQF5d52.jpg
0129cd56-8bf6-4237-aab1-b1b599a151d9,https://www.mangaupdates.com/image/i291289.jpg
012c7f69-cb95-4ecc-bf59-a4986a4dc35a,https://s4.anilist.co/file/anilistcdn/media/manga/cover/large/nx31997-woD5q3pmw5cv.jpg
012e8a2a-6a01-4733-9fde-ba1926d5b7fb,https://s4.anilist.co/file/anilistcdn/media/manga/cover/large/bx86790-ZS0ZT3bzOklm.png
012eb8dd-7e06-4f58-b88a-c47a5afe1477,https://s4.anilist.co/file/anilistcdn/media/manga/cover/medium/10998.jpg
013ee276-869b-47ac-9973-09a4d7176708,https://www.mangaupdates.com/image/i182823.png
0142cd5c-c0ea-49c6-a81c-2379587d114b,https://s4.anilist.co/file/anilistcdn/media/manga/cover/large/bx116075-cUDO43hqtGHV.jpg
014374f6-c420-4361-9ee9-93675f7e36bb,https://s4.anilist.co/file/anilistcdn/media/manga/cover/large/bx100304-dXxJe8y1XO0t.jpg
01453642-9d95-438d-baac-8c362cbe1a6f,https://media.kitsu.io/manga/poster_images/54306/large.jpg?1548711891
0145f01c-f29b-467d-aa2e-be3487829e23,https://s4.anilist.co/file/anilistcdn/media/manga/cover/medium/99163-PmPDCqmjDubl.jpg
0147a14c-8253-4a1e-aa19-232827893106,https://media.kitsu.io/manga/poster_images/26247/large.jpg?1434306683
0148ce7c-7abe-4521-9711-70687f00269f,https://media.kitsu.io/manga/poster_images/26701/large.jpg?1434307653
0149b6d1-b8f5-4e64-bcda-7a209554381e,https://media.kitsu.io/manga/poster_images/27614/large.jpg?1442438340
0149daa5-89c9-4e05-bf4f-f2440e0d2db7,https://media.kitsu.io/manga/poster_images/58953/large.jpg?1615634758
014b8ceb-3a47-4004-9677-4a87c6186cac,https://media.kitsu.io/manga/poster_images/10184/large.jpg?1434271460
014bdf36-91ed-4f37-9224-9e565dd819b1,https://media.kitsu.io/manga/poster_images/6907/large.jpg?1434264252
014f4e49-cd27-43ef-ac23-1633113287c4,https://media.kitsu.io/manga/poster_images/10723/large.jpg?1434272650
01586f0f-6bab-4984-9b55-235fb40d1505,https://media.kitsu.io/manga/poster_images/2909/large.jpg?1434255542
01593760-623b-49b9-a9cc-a6bd4bbe19ce,https://media.kitsu.io/manga/poster_images/6030/large.jpg?1434262302
015996c5-423e-47c6-8759-9c2bdf8c8e3d,https://media.kitsu.io/manga/poster_images/26407/large.jpg?1434307040
015bcba9-9fa5-4675-bf8c-12de897a5434,https://media.kitsu.io/manga/poster_images/52642/large.jpg?1533498510
015d7710-3924-465a-b302-6731773e9ed2,https://www.mangaupdates.com/image/i280477.jpg
01604e79-5c05-442e-993e-a5d0a870e499,https://media.kitsu.io/manga/poster_images/49679/large.jpg?1533496998
0162ca10-b0ce-45f2-ade5-eaf05b901ab7,https://www.mangaupdates.com/image/i292871.png
016552fc-64e2-4316-b4c0-64a7f766e999,https://www.mangaupdates.com/image/i271002.jpg
01686424-7099-4184-b544-50857aaf5b15,https://www.mangaupdates.com/image/i10983.jpg
016bb121-e1cb-4c3a-aee4-8312fed27b29,https://www.mangaupdates.com/image/i311598.png
0170b6bb-f017-493c-bb06-bd01b3457c04,https://cdn.myanimelist.net/images/manga/3/104917l.jpg
017136ad-ca5e-4b50-881a-fd276610d171,https://media.kitsu.io/manga/poster_images/1950/large.jpg?1597699370
01714ef5-e68f-4c54-ae9d-80a862b76629,https://www.mangaupdates.com/image/i324728.jpg
0172fd18-f9a2-4964-a11c-7d28fdd981db,https://www.mangaupdates.com/image/i279676.jpg
0176936e-eda3-4ba5-9de1-9a74d8048f24,https://media.kitsu.io/manga/poster_images/20049/large.jpg?1434293483
0176e6dd-a502-465d-8f43-70b6b2118276,https://media.kitsu.io/manga/poster_images/2870/large.jpg?1434255456
0177dc79-c099-4e57-a229-aaf36d880f34,https://media.kitsu.io/manga/poster_images/56738/large.jpg?1593499278
017ac572-b071-4e5c-ace1-7f60889e044c,https://cdn.myanimelist.net/images/manga/1/161537l.jpg
01881a54-c61d-4127-a6e0-950c31700f90,https://cdn.myanimelist.net/images/manga/1/36136l.jpg
01882116-3e45-4d67-b932-34f60d360086,https://media.kitsu.io/manga/poster_images/17216/large.jpg?1477057594
01895afd-83e3-4e01-a14e-23758604e9dc,https://www.mangaupdates.com/image/i217437.jpg
018a3a94-e806-4f70-8f47-6205f98108b2,https://www.mangaupdates.com/image/i342972.jpg
018c2577-f29d-42e2-9e74-979e03bd8930,https://media.kitsu.io/manga/poster_images/58608/large.jpg?1611407544
01920f2c-57f7-402e-b950-5fa8dc1c561d,https://media.kitsu.io/manga/poster_images/12669/large.jpg?1434277116
01939907-5f6e-4007-8a6f-220085de3d96,https://media.kitsu.io/manga/poster_images/3170/large.jpg?1434256118
01951f30-6134-430b-ab8f-4db21e4ad248,https://media.kitsu.io/manga/poster_images/23494/large.jpg?1434300772
0196e55f-12c3-42ee-825a-f9e343e72dfd,https://www.mangaupdates.com/image/i315779.png
019dd911-cd1f-4bfb-839c-642be1472ba4,https://media.kitsu.io/manga/poster_images/40992/large.jpg?1528407706
01a2c59e-1eac-4788-a699-9039c08f2955,https://www.mangaupdates.com/image/i316211.jpg
01a34e62-a4ef-4ca9-af94-05203367e00a,https://media.kitsu.io/manga/poster_images/25647/large.jpg?1475600526
01a3e58b-c34f-4470-8cc5-b7121092f374,https://www.mangaupdates.com/image/i226607.png
01a405fd-e9f5-42b1-8840-3613ebfedee3,https://www.mangaupdates.com/image/i287988.jpg
01a931cd-3f51-4dd5-a657-9c1e5109a205,https://www.mangaupdates.com/image/i233706.jpg
01aada03-59e2-4f3f-9302-4655ec2e7016,https://media.kitsu.io/manga/poster_images/33975/large.jpg?1605386878
01ac8dd3-a4e1-4002-8b00-0dc4c6a42676,https://media.kitsu.io/manga/poster_images/17331/large.jpg?1434287461
01b012fe-95b4-48fc-b071-c5bc90bfc5a5,https://media.kitsu.io/manga/poster_images/10249/large.jpg?1434271606
01b09fb7-b178-4e71-af24-5c5e34e7ee38,https://media.kitsu.io/manga/poster_images/55843/large.jpg?1580052595
01b57ab5-3e12-4ab1-848f-87bd2b9b9345,https://www.mangaupdates.com/image/i128227.jpg
01b6fdbc-d34e-4bd6-bad1-1a1f41fff246,https://media.kitsu.io/manga/poster_images/2428/large.jpg?1434254533
01b749a6-1cff-4880-a748-a32580e1a04e,https://www.mangaupdates.com/image/i310862.jpg
01b9b9f8-a480-4fba-a28f-153a198f8d07,https://media.kitsu.io/manga/poster_images/51704/large.jpg?1533498008
01bced4a-4ce7-4309-8e98-a9fc1c89f5c6,https://cdn.myanimelist.net/images/manga/5/1543l.jpg
01c06a47-d844-4e4b-8915-f059ddcf9dbb,https://www.mangaupdates.com/image/i300540.png
01c45f14-a731-40d8-b99e-143a3a9c9a6f,https://www.mangaupdates.com/image/i344143.png
01c49237-fc9d-435c-874d-99876b3c8598,https://media.kitsu.io/manga/poster_images/53854/large.jpg?1533499208
01c5955b-2a2d-4353-a4d7-e35179235993,https://www.mangaupdates.com/image/i257120.png
01c60e88-6a8d-449b-a538-f4946070b108,https://media.kitsu.io/manga/poster_images/2372/large.jpg?1460990294
01c75d8b-6e6c-4118-9fb1-8742ba435959,https://media.kitsu.io/manga/poster_images/21600/large.jpg?1434296796
01cacd13-0c34-4154-858b-42e746986bd2,https://cdn.myanimelist.net/images/manga/1/224030l.jpg
01cb69ea-4558-42b3-9e47-f58e6bb8c5e2,https://www.mangaupdates.com/image/i290289.jpg
01ce66cb-6011-43ac-a91f-2329c66a73e6,https://media.kitsu.io/manga/poster_images/58577/large.jpg?1610638489
01d06d0c-68d5-4975-9b22-06900a1c13e7,https://www.mangaupdates.com/image/i344574.jpg
01d12ee3-2524-43d6-87cf-5216f0d36a87,https://media.kitsu.io/manga/poster_images/20479/large.jpg?1434294411
01d13025-e2b2-4f6e-b45a-b57115dd56cb,https://media.kitsu.io/manga/poster_images/14985/large.jpg?1434282302
01d28dea-6cd5-4db2-a403-71f04752a001,https://www.mangaupdates.com/image/i322836.jpg
01d3b5f5-1809-4b41-9184-69f33aa96f18,https://media.kitsu.io/manga/poster_images/55321/large.jpg?1570572054
01d46dd5-a8d7-4b27-af77-3c32155e4a77,https://media.kitsu.io/manga/poster_images/26334/large.jpg?1434306862
01d483fe-cc41-4a35-ac15-e0a2d761f342,https://www.mangaupdates.com/image/i301204.jpg
01d65ea4-1f0a-4ccd-96cd-3727b8a7bc94,https://media.kitsu.io/manga/poster_images/5159/large.jpg?1573905876
01d9b8e6-542a-42d6-8115-b0401f86d0e8,https://cdn.myanimelist.net/images/manga/3/216661l.jpg
01dde6c5-4d40-4abf-82d8-ddba3435112a,https://www.mangaupdates.com/image/i248642.jpg
01e01102-53d1-4bdf-847b-90cfe5b6415d,https://media.kitsu.io/manga/poster_images/23922/large.jpg?1434301685
01e02eb8-f332-46b8-aff5-9809da058fa5,https://media.kitsu.io/manga/poster_images/52930/large.jpg?1533498669
01e1c180-7fb3-4715-999c-5f197bd27a8c,https://media.kitsu.io/manga/poster_images/20653/large.jpg?1434294783
01e6296c-9c0f-4329-8854-036aec11595b,https://media.kitsu.io/manga/poster_images/21682/large.jpg?1434296978
01e7e7d0-8ee3-4f61-9d60-e3871c3ee3f0,https://media.kitsu.io/manga/poster_images/41071/large.jpg?1529688503
01e81714-c14e-42db-b03e-808a13a24fb7,https://media.kitsu.io/manga/poster_images/22229/large.jpg?1434298127
01eca861-048f-465b-94cd-46fb862b4dc6,https://media.kitsu.io/manga/poster_images/3175/large.jpg?1452898245
01ee4e2b-4e3b-4874-a0ed-7974d33cb02e,https://cdn.myanimelist.net/images/manga/1/226723l.jpg
01ef9436-1288-474a-9f6b-76bb58933a30,https://media.kitsu.io/manga/poster_images/55960/large.jpg?1582729498
01f3a192-4597-4a9f-8e66-8290cead46c1,https://www.mangaupdates.com/image/i217319.jpg
01f4082d-530f-4b84-b706-83502b6783fa,https://media.kitsu.io/manga/poster_images/22160/large.jpg?1434297985
01f42a49-038d-4991-a0b2-37a1684bacd9,https://www.mangaupdates.com/image/i188227.jpg
01f5d236-58d7-4db0-8860-5045b0e5f52e,https://media.kitsu.io/manga/poster_images/19613/large.jpg?1434292552
01f7c3de-e02d-4e31-b23b-4d835f4d89a4,https://www.mangaupdates.com/image/i295084.jpg
01fb86df-973e-4309-9dc1-028bbdea1a70,https://media.kitsu.io/manga/poster_images/55105/large.jpg?1567761556
01fce4c5-a47b-485c-9d7e-445bf52603a8,https://media.kitsu.io/manga/poster_images/54411/large.jpg?1553871798
01fddd87-3cfc-4bb8-b6b9-01c3f66b7cf7,https://media.kitsu.io/manga/poster_images/8908/large.jpg?1434268645
01ff072f-c524-46b0-bc79-e81ae84cc137,https://media.kitsu.io/manga/poster_images/20887/large.jpg?1434295291
01ff32eb-c886-4bd3-9b78-6eb01a157a85,https://media.kitsu.io/manga/poster_images/19586/large.jpg?1434292495
020094cb-ca28-4d0c-8556-3f369a68673e,https://media.kitsu.io/manga/poster_images/9985/large.jpg?1434271027
0201302a-9982-4047-8ce9-dae040b18718,https://media.kitsu.io/manga/poster_images/54101/large.jpg?1541188360
020baff7-1f49-4734-b199-c3451bc9d891,https://media.kitsu.io/manga/poster_images/56056/large.jpg?1584244736
020dc431-58d2-4a31-9221-b26b2dce149d,https://media.kitsu.io/manga/poster_images/25536/large.jpg?1434305144
020f68ad-6548-4882-ac8c-132814b7f1bb,https://cdn.myanimelist.net/images/manga/1/240211l.jpg
0215e52e-b0fe-4ef9-9bcf-32dd7b12084b,https://media.kitsu.io/manga/poster_images/6387/large.jpg?1434263090
021771f2-566e-439d-babd-3efdee626740,https://www.mangaupdates.com/image/i318456.png
021825be-9363-4d37-a2e5-e1b5dbe760e0,https://www.mangaupdates.com/image/i208646.jpg
02190e3f-e3ba-4f9c-8186-7d68d1a7043b,https://media.kitsu.io/manga/poster_images/21624/large.jpg?1434296855
021c2ce4-6179-4d99-8ffc-3013cd3eb784,https://media.kitsu.io/manga/poster_images/15846/large.jpg?1434284168
022003e2-2c73-4db1-b14e-681437ecfdaa,https://www.mangaupdates.com/image/i286458.jpg
02224f3d-1927-4738-ab43-6948b5b0e966,https://media.kitsu.io/manga/poster_images/7210/large.jpg?1434264920
02226899-ab9f-4676-b786-adc339cda99e,https://www.mangaupdates.com/image/i291829.jpg
02233916-d3ec-4d62-b1b4-35d53c085943,https://www.mangaupdates.com/image/i232980.jpg
022462bb-c4c1-4885-b9a3-145ccf1db400,https://media.kitsu.io/manga/poster_images/7988/large.jpg?1434266633
0227d5b2-e1db-477c-9636-00c022018d86,https://media.kitsu.io/manga/poster_images/3611/large.jpg?1434257062
02283ca5-e1bd-448d-8852-717110da27fb,https://cdn.myanimelist.net/images/manga/3/223861l.jpg
022978fe-575f-4a8d-a8c3-dadc28ee12ce,https://www.mangaupdates.com/image/i275898.jpg
0229f648-85d5-485b-add5-7c902f16b5c6,https://cdn.myanimelist.net/images/manga/3/6010l.jpg
022b4cea-e7c4-4458-901f-631f628cb3cd,https://media.kitsu.io/manga/poster_images/51170/large.jpg?1533497731
022c619c-f8d1-4b97-b142-2d7f602c2805,https://media.kitsu.io/manga/poster_images/26673/large.jpg?1434307589
022dcbac-54dc-4a96-9fef-91c29187b122,https://media.kitsu.io/manga/poster_images/15804/large.jpg?1434284081
022fa724-d9e4-4f39-a975-efadfa1544f0,https://www.mangaupdates.com/image/i317636.jpg
02311077-b419-4a6f-a470-8f978a6205c5,https://media.kitsu.io/manga/poster_images/15763/large.jpg?1501547565
0231899c-c94f-4e05-85f6-d2b4554a633f,https://media.kitsu.io/manga/poster_images/51/large.jpg?1434249500
023460bb-26e7-4c09-a3e2-a7c21254cd67,https://media.kitsu.io/manga/poster_images/43606/large.jpg?1533494287
0236b931-3fba-45dd-827d-2a7300aabb1a,https://www.mangaupdates.com/image/i143461.png
023736fb-746c-4e7c-b093-f92700f49cd2,https://cdn.myanimelist.net/images/manga/3/205416l.jpg
0237e46f-07a8-4446-8359-6ffe97777a58,https://media.kitsu.io/manga/poster_images/26051/large.jpg?1434306255
0239626f-1626-4779-8ee9-f226e0c1f37b,https://cdn.myanimelist.net/images/manga/1/235821l.jpg
024082dd-1972-42f0-836c-2235ab13ffb4,https://www.mangaupdates.com/image/i120314.jpg
02440946-16ad-4d07-abd2-ff14a7f32060,https://media.kitsu.io/manga/poster_images/24608/large.jpg?1434303129
0244d403-5842-40e4-a9f5-325c07184863,https://media.kitsu.io/manga/poster_images/13196/large.jpg?1434278295
0244f24a-39a4-4b72-b803-24904eccb716,https://www.mangaupdates.com/image/i17873.jpg
0245ccce-fa98-4881-b882-96a7c8552eac,https://media.kitsu.io/manga/poster_images/45801/large.jpg?1533495227
024af7a5-f8ad-4b67-b950-b1708f52b018,https://www.mangaupdates.com/image/i338008.jpg
024beb17-9baa-4daa-bc70-49e3fd74758f,https://www.mangaupdates.com/image/i231392.jpg
024dfcb1-0162-4e81-898e-ac20c4eed21f,https://www.mangaupdates.com/image/i320928.png
024f0744-7ced-4cd3-9aa8-3b4b551d989b,https://www.mangaupdates.com/image/i228019.jpg
02500c86-5d84-4492-869c-a70abb4b8d5f,https://www.mangaupdates.com/image/i225382.jpg
0252c37f-5002-473e-b3ab-7c46f545fc8f,https://media.kitsu.io/manga/poster_images/8920/large.jpg?1434268676
025320dc-5bb5-4be5-90ab-e30d8471503d,https://media.kitsu.io/manga/poster_images/34821/large.jpg?1434325156
02541091-9e86-4dee-ba4a-765be5c9671d,https://media.kitsu.io/manga/poster_images/56988/large.jpg?1595089004
02549615-5b8e-4c26-be81-9474a1f53eee,https://media.kitsu.io/manga/poster_images/11277/large.jpg?1434273907
025659a9-d380-48ac-90a5-0b82197fea13,https://media.kitsu.io/manga/poster_images/9451/large.jpg?1434269843
025c4e6a-4636-4c7d-a2d0-281674ad080d,https://media.kitsu.io/manga/poster_images/10348/large.jpg?1434271827
0260dc22-6d88-4720-90c6-c33f046e5f98,https://media.kitsu.io/manga/poster_images/27704/large.jpg?1434309854
02624192-5385-45cf-82f4-17ea233eb847,https://media.kitsu.io/manga/poster_images/24974/large.jpg?1434303936
0263b361-5288-415a-ac43-2a8bb998980c,https://media.kitsu.io/manga/poster_images/21731/large.jpg?1434297082
0267d3e5-fa01-4143-9e00-3c1301697fd7,https://media.kitsu.io/manga/poster_images/6857/large.jpg?1434264149
02681f18-056b-4b76-90a4-580e36aaeb18,https://www.mangaupdates.com/image/i320752.jpg
026a196d-4876-498e-aa9b-324ddd63c0fd,https://media.kitsu.io/manga/poster_images/25694/large.jpg?1434305472
026dc550-36b2-452d-9b3d-7a9063e47500,https://media.kitsu.io/manga/poster_images/4444/large.jpg?1434258879
026ee1e4-2dcb-483f-993f-21a5ad884468,https://cdn.myanimelist.net/images/manga/3/217864l.jpg
0270529a-eed5-48fc-b6f6-781c12e1d03e,https://media.kitsu.io/manga/poster_images/16770/large.jpg?1434286210
02718594-7b6a-47d8-9c49-6b8fb6586865,https://www.mangaupdates.com/image/i270950.jpg
0272f671-0a04-4236-9852-7eddce55ed1b,https://media.kitsu.io/manga/poster_images/13721/large.jpg?1434279472
0277c940-eb2a-48f4-9df5-0a5038206706,https://www.anime-planet.com/images/manga/covers/take-care-of-my-cat-29917.jpg?t=1539767083
02792e77-d4e5-4789-a086-9f5609e533f3,https://media.kitsu.io/manga/poster_images/55268/large.jpg?1570037564
027b5732-ebda-430e-9e09-c6b003d82baa,https://media.kitsu.io/manga/poster_images/25331/large.jpg?1434304692
028240e6-d308-415d-8fc2-1e9060eb4108,https://media.kitsu.io/manga/poster_images/19209/large.jpg?1434291702
02836d04-1740-4987-86db-d387501f3921,https://www.mangaupdates.com/image/i174798.jpg
02860cdf-1020-40f1-a23f-2025d80f6290,https://media.kitsu.io/manga/poster_images/766/large.jpg?1434250961
028da74e-5242-4b8b-98c7-544f36a141f2,https://cdn.myanimelist.net/images/manga/3/236814l.jpg
02909dc6-14bf-4c80-ab6a-766893e97e25,https://media.kitsu.io/manga/poster_images/58837/large.jpg?1614261847
0290d99b-9976-40e2-aaff-67e542e12c09,https://media.kitsu.io/manga/poster_images/10456/large.jpg?1501046564
0295d266-4870-4ea3-814b-35f9afc7a9fd,https://media.kitsu.io/manga/poster_images/58547/large.jpg?1610126492
0296dc0b-7635-4154-927a-33c2244c4503,https://media.kitsu.io/manga/poster_images/922/large.jpg?1496700334
0298d204-5a11-4e06-ba18-12d9c1d5663e,https://www.mangaupdates.com/image/i300848.png
02996c7c-ad97-49cf-adc5-015110df101a,https://www.mangaupdates.com/image/i311456.jpg
029b43db-16f5-4842-a61f-a5dee1e4fa4d,https://www.mangaupdates.com/image/i321703.jpg
029c0606-410e-431d-b450-a23820a59648,https://media.kitsu.io/manga/poster_images/6689/large.jpg?1434263788
029c8482-e47e-46c1-a8fb-f4ab41d5c2d5,https://www.mangaupdates.com/image/i253729.jpg
029cec9b-fd34-4efd-a2ac-7bd2891342ce,https://media.kitsu.io/manga/poster_images/8001/large.jpg?1434266659
029d34e5-b083-40e4-b896-93777e84f3d9,https://www.anime-planet.com/images/manga/covers/the-benevolent-demon-49009.jpg?t=1587828742
029dce00-8b2b-44a8-9f27-36fea289f7dc,https://media.kitsu.io/manga/poster_images/56549/large.jpg?1592494331
029f797c-9457-488d-89b4-e3ac8e66c608,https://media.kitsu.io/manga/poster_images/3508/large.jpg?1434256845
02a29db3-80cc-48a3-a655-cb9cfbbd5a20,https://www.mangaupdates.com/image/i338388.png
02a5e113-fbae-49c2-a470-5c64cfd8a0d3,https://www.mangaupdates.com/image/i271524.jpg
02acf661-d1b0-4bb2-b56a-2549931550fa,https://media.kitsu.io/manga/poster_images/3255/large.jpg?1434256306
02adf3a3-210f-475a-889f-1db74c58e1f5,https://media.kitsu.io/manga/poster_images/54081/large.jpg?1541000712
02b25b39-9529-4516-906e-73f9687f48d6,https://media.kitsu.io/manga/poster_images/27495/large.jpg?1609737092
02b30f7c-9327-4c35-84d6-c270b596cc06,https://www.mangaupdates.com/image/i276077.jpg
02b32a9e-bb3a-4527-92a4-70d6963b7dd6,https://media.kitsu.io/manga/poster_images/43131/large.jpg?1533494150
02b3f9ba-bfdb-47d8-96ec-7b1cd18c8b82,https://www.anime-planet.com/images/manga/covers/the-invisible-world-61548.jpg?t=1615423557
02b5f3f6-f13e-4ef2-9876-e98170ddad35,https://media.kitsu.io/manga/poster_images/26811/large.jpg?1434307893
02b6484e-5bbf-4f86-aaeb-6ce1a52b9aa3,https://www.mangaupdates.com/image/i337166.jpg
02b92cb7-2af8-4861-9804-7b34b4232b40,https://media.kitsu.io/manga/poster_images/23267/large.jpg?1434300297
02ba37fa-26bc-4e90-92fb-c4ba1c27558a,https://www.mangaupdates.com/image/i320279.jpg
02be54ac-b1bc-496c-a496-bcea5356bcb5,https://www.mangaupdates.com/image/i272743.jpg
02c072ca-05d9-4c38-8c9f-0464f75e62a6,https://www.mangaupdates.com/image/i315956.jpg
02c28b42-8f87-4121-b60c-d664e405bd6e,https://media.kitsu.io/manga/poster_images/35740/large.jpg?1501598527
02c712ec-ef02-45c5-a301-d963aa76d119,https://media.kitsu.io/manga/poster_images/19440/large.jpg?1434292190
02cc8467-4aa0-4da2-976a-6ce547f35f5e,https://www.mangaupdates.com/image/i314748.jpg
02d1de9e-cdca-4726-b6fd-3008ee65eb83,https://media.kitsu.io/manga/poster_images/19863/large.jpg?1434293082
02d23572-90bd-4c2d-9ecf-fc8ee4db11b6,https://media.kitsu.io/manga/poster_images/18966/large.jpg?1434291173
02d3eb01-11e9-4eff-b522-fffa3ca63619,https://media.kitsu.io/manga/poster_images/25894/large.jpg?1434305896
02d508cb-bf79-48d6-9f80-e0da569f1ec1,https://www.mangaupdates.com/image/i272383.png
02d52772-375b-4af7-8003-e7c82229b0ec,https://www.mangaupdates.com/image/i264913.jpg
02d5f7d6-03dc-46a8-b495-db514c2b4fff,https://www.mangaupdates.com/image/i342588.jpg
02d9f3f0-7cb3-4f7a-8176-b3c4d4c85623,https://media.kitsu.io/manga/poster_images/919/large.jpg?1434251289
02dc0f0f-e236-45d7-800f-cf2df02170ec,https://media.kitsu.io/manga/poster_images/9033/large.jpg?1434268933
02df0f4a-7ee8-4e15-a528-1727a164fae5,https://www.mangaupdates.com/image/i170342.png
02df80ee-f4e9-4188-800e-4cf3334529ee,https://media.kitsu.io/manga/poster_images/6381/large.jpg?1434263066
02df8444-0012-4efa-9463-9f20c64771d4,https://cdn.myanimelist.net/images/manga/1/229874l.jpg
02dfdfbf-8b72-48c8-9854-5d44ae1ddb25,https://media.kitsu.io/manga/poster_images/27467/large.jpg?1434309357
02e472cb-e833-4031-b158-a5e645e6a56b,https://www.mangaupdates.com/image/i182724.jpg
02e6e17b-c7c9-4f92-8cff-5c9eb58048c2,https://media.kitsu.io/manga/poster_images/2390/large.jpg?1434254448
02e771ed-7a3b-4c6f-bca9-4bea426b90e3,https://media.kitsu.io/manga/poster_images/8220/large.jpg?1434267146
02e84544-3120-42aa-a591-6057fa87e9d1,https://media.kitsu.io/manga/poster_images/2688/large.jpg?1434255071
02e94bd4-b716-404c-b4e1-132cce6bee68,https://www.mangaupdates.com/image/i257554.jpg
02e9d99f-bd00-4ce7-9e5c-0d9a976c7f39,https://www.mangaupdates.com/image/i112581.jpg
02f05f8c-3beb-4a63-bccb-9d47a563005e,https://www.mangaupdates.com/image/i247635.jpg
02f0f46c-3c5e-4338-b20b-ee782cc11932,https://media.kitsu.io/manga/poster_images/55404/large.jpg?1571547960
02f1158a-af1f-4559-9ea0-54dcadea7d04,https://www.mangaupdates.com/image/i316906.jpg
02f15c46-30e4-4a03-94f1-78ab35e0346d,https://www.mangaupdates.com/image/i242798.jpg
02f15da7-3fff-4bb8-a861-7537c0c568a0,https://www.mangaupdates.com/image/i337509.jpg
02f5dade-938a-4e5f-b05c-63ac14239e55,https://media.kitsu.io/manga/poster_images/25667/large.jpg?1434305420
02f624ce-2853-428a-a85f-0ebdf36e44f2,https://media.kitsu.io/manga/poster_images/4608/large.jpg?1434259232
02f96300-7459-4d9f-9d41-c2988157623f,https://cdn.myanimelist.net/images/manga/5/843l.jpg
02fbb5d6-7392-4a4e-99a5-2eadc1de9330,https://media.kitsu.io/manga/poster_images/20319/large.jpg?1434294071
02fd4de6-deaa-46c1-8344-6c3d280e6844,https://media.kitsu.io/manga/poster_images/13257/large.jpg?1434278428
02fe0520-c6c7-4d00-9e05-f3082c8dc1c5,https://media.kitsu.io/manga/poster_images/51400/large.jpg?1533497847
02fe9f7b-95a7-4f2b-a72f-639a55f46d33,https://media.kitsu.io/manga/poster_images/8677/large.jpg?1434268145
02ff6306-f843-44d0-ad51-e2b257b0af99,https://www.mangaupdates.com/image/i271621.jpg
030157c5-08d1-44c9-b0ed-9d9234f96dff,https://www.mangaupdates.com/image/i341242.jpg
03018af6-d72d-478d-9ebe-ba6b245fb2fb,https://cdn.myanimelist.net/images/manga/3/229152l.jpg
030539f7-fe9d-492c-9dc9-91b10b4f3eb1,https://www.mangaupdates.com/image/i153921.png
0305dfa7-352d-4ead-9d80-6af61ed6cc94,https://media.kitsu.io/manga/poster_images/830/large.jpg?1434251089
0308b627-23e3-496b-bd13-8fd7c7265b64,https://www.mangaupdates.com/image/i98305.jpg
030aac88-8d07-4568-8f0f-993ef4cbf889,https://www.anime-planet.com/images/manga/covers/red-velvet-31977.jpg?t=1546779148
030cbf03-a3a5-4ff7-90f2-c2c6a133d48f,https://media.kitsu.io/manga/poster_images/52725/large.jpg?1533498554
030d9ca4-7aff-43c4-8ffa-0c47c366e830,https://www.anime-planet.com/images/manga/covers/the-great-devil-emperor-development-system-61592.jpg?t=1615502826
030dab73-ac7b-408e-a82d-87c2721bf89c,https://www.mangaupdates.com/image/i341293.jpg
030e6c39-7370-48c0-918e-6153e4a8828d,https://media.kitsu.io/manga/poster_images/1581/large.jpg?1434252709
0311b163-a021-4c27-bd26-3f83f280115f,https://media.kitsu.io/manga/poster_images/55885/large.jpg?1580916002
0314420c-1e7d-4796-8d11-9a6aca05ce6f,https://media.kitsu.io/manga/poster_images/47432/large.jpg?1533495978
031838d6-be82-4a57-a83e-6fee93fdc463,https://media.kitsu.io/manga/poster_images/32636/large.jpg?1434320414
03192d0a-3bcf-46ff-87b3-475dda000784,https://media.kitsu.io/manga/poster_images/6497/large.jpg?1434263341
031cf94d-f989-4b44-9939-c2bd426875e9,https://media.kitsu.io/manga/poster_images/12365/large.jpg?1434276442
0322ef6b-c09a-4d5d-a11f-8e597aaeade5,https://media.kitsu.io/manga/poster_images/7141/large.jpg?1434264776
03253c72-519e-4f43-b621-e1b2d1fd0738,https://www.mangaupdates.com/image/i259514.png
0326c072-c5cd-4b04-9a35-c0033a1c1a1e,https://www.mangaupdates.com/image/i326799.jpg
032799f1-ddd3-4a0a-94f7-b09b9353c975,https://www.anime-planet.com/images/manga/covers/the-transfer-student-who-came-down-to-earth-59954.jpg?t=1612307916
0328cd58-d519-45b6-abd2-049cfe63790b,https://www.mangaupdates.com/image/i343511.jpg
032938d6-9a20-4b97-a37d-3c4f68a6c9ec,https://media.kitsu.io/manga/poster_images/23314/large.jpg?1434300393
032b3391-2938-43b9-bf58-d62c783a41c4,https://media.kitsu.io/manga/poster_images/40514/large.jpg?1515971884
032c989c-1051-4891-bf91-05de7e54b360,https://media.kitsu.io/manga/poster_images/1544/large.jpg?1434252625
032dd9b3-d7b9-4297-89be-ff918c12b2f8,https://www.mangaupdates.com/image/i329432.jpg
032f2724-e0f6-4af8-95c5-b3bf35fb78d0,https://media.kitsu.io/manga/poster_images/25879/large.jpg?1434305862
032f800d-d632-4442-8830-d037d616ead4,https://www.mangaupdates.com/image/i323518.jpg
03328215-d422-4e1d-9029-07e0dd9db61f,https://media.kitsu.io/manga/poster_images/53472/large.jpg?1533498978
0334512f-b416-477d-8cf7-a7c0fade76ff,https://www.mangaupdates.com/image/i192514.jpg
0335e6e7-9080-42bf-a12c-3e3343abd727,https://www.mangaupdates.com/image/i233685.jpg
033ee7a7-d9f9-49cd-8955-30440ac8cdf5,https://media.kitsu.io/manga/poster_images/5287/large.jpg?1434260675
03426dd2-63c5-493e-853e-485d7c7dc9c0,https://media.kitsu.io/manga/poster_images/39722/large.jpg?1499023137
0342aeab-483a-4eae-8512-9817c5f64caf,https://cdn.myanimelist.net/images/manga/2/222559l.jpg
03445f01-f914-4251-87cd-c0712bcb1e6e,https://media.kitsu.io/manga/poster_images/3123/large.jpg?1434256018
0344b7df-7006-4e5b-8d16-bbe1d54c67d0,https://media.kitsu.io/manga/poster_images/37741/large.jpg?1463584025
034677d7-535a-4ea7-ad2e-71838ddadc30,https://s4.anilist.co/file/anilistcdn/media/manga/cover/large/bx81663-SDMKQggGzhVT.jpg
0346b0eb-d56a-4b69-af71-5cf283792372,https://s4.anilist.co/file/anilistcdn/media/manga/cover/large/bx110308-VgdHBuSiacfi.jpg
0346c2d3-9077-4150-93c1-7d6eefc2b1a9,https://s4.anilist.co/file/anilistcdn/media/manga/cover/large/nx101726-GGL7ItQxmYQq.jpg
034c5f07-ea13-439b-801f-4a10f3c3debe,https://www.mangaupdates.com/image/i302343.jpg
034df005-42b2-4a6c-800c-78c858d8ec10,https://www.mangaupdates.com/image/i194413.jpg
0350eeaf-acf3-4242-a0e9-32c565291974,https://s4.anilist.co/file/anilistcdn/media/manga/cover/medium/49473.jpg
03538add-cf55-457e-a671-75f398883bd9,https://s4.anilist.co/file/anilistcdn/media/manga/cover/medium/b48758-r0GG31XYWsYi.jpg
0353f06e-dc02-4dcf-b413-5a4f9120b28f,https://s4.anilist.co/file/anilistcdn/media/manga/cover/medium/3685.jpg
0357c851-ef9b-4c8c-81a1-cd8a903dafee,https://cdn.myanimelist.net/images/manga/2/43877l.jpg
0359b73e-c908-4ae8-9e7b-236c834044ca,https://s4.anilist.co/file/anilistcdn/media/manga/cover/medium/6316.jpg
035a07ea-0308-4059-91bf-77126dfce7ba,https://media.kitsu.io/manga/poster_images/53555/large.jpg?1533499025
035c17a2-0a1c-40ab-a07d-0c23bf6f3ef6,https://s4.anilist.co/file/anilistcdn/media/manga/cover/large/bx107544-r0fa0H1KDoOD.png
035ced67-13a3-4ae7-8342-a23d641d2869,https://s4.anilist.co/file/anilistcdn/media/manga/cover/medium/23257.jpg
035d62cd-8540-47e7-a69b-415840d371a1,https://s4.anilist.co/file/anilistcdn/media/manga/cover/large/bx92359-3Lx775ThInX4.png
0360a5fb-03fc-46ad-b72c-0084c8ddc0a7,https://www.mangaupdates.com/image/i232472.png
036211c1-dee3-466f-b4ac-89cd64251843,https://media.kitsu.io/manga/poster_images/23382/large.jpg?1434300537
03622e07-ef72-478e-b114-02277b5054ee,https://s4.anilist.co/file/anilistcdn/media/manga/cover/medium/39433.jpg
03662d57-4646-4d8d-bdaa-82c44a8d25a8,https://s4.anilist.co/file/anilistcdn/media/manga/cover/medium/b33301-1oSdkBqFbxWc.jpg
036766ea-5d89-4f3d-8cc4-6d7bcb128b2b,https://s4.anilist.co/file/anilistcdn/media/manga/cover/large/bx30976-EadGaDBRKJB6.png
0369b86e-a289-4e3d-9c10-105d4144baea,https://s4.anilist.co/file/anilistcdn/media/manga/cover/medium/23986.jpg
036a3f74-0525-4524-b2d3-5ef37d4f5003,https://www.mangaupdates.com/image/i232190.jpg
036b8332-5dcb-4886-bd7b-1caaec2e276b,https://media.kitsu.io/manga/poster_images/56490/large.jpg?1591793138
036fce64-6de7-4668-b7ba-66596d32e059,https://s4.anilist.co/file/anilistcdn/media/manga/cover/large/bx116559-ELUi27DsCGtr.jpg
036fecc8-1e0b-432c-95b5-5c2758cdc00c,https://s4.anilist.co/file/anilistcdn/media/manga/cover/large/bx115374-q5VSxt6IVvPw.jpg
03708800-ca65-441f-968e-b8dc33951c9a,https://s4.anilist.co/file/anilistcdn/media/manga/cover/large/bx49292-P6cWx6ihqdn7.jpg
03730769-f30b-4133-b2e2-afb1b4985f4a,https://s4.anilist.co/file/anilistcdn/media/manga/cover/large/bx124917-PxzRoBXTtb6e.jpg
0375994e-445d-4c7c-aa05-888996ad11a7,https://s4.anilist.co/file/anilistcdn/media/manga/cover/medium/27305.jpg
03763008-068d-41a7-9600-dcc755019f39,https://www.mangaupdates.com/image/i58104.png
03768bc4-1466-435e-9bad-b733f25ee29f,https://www.mangaupdates.com/image/i298763.png
0377b109-e5e8-4ebb-824f-3b15b553c5a1,https://www.mangaupdates.com/image/i184270.jpg
0379dce1-e895-4247-8d1b-549da5eb2c48,https://s4.anilist.co/file/anilistcdn/media/manga/cover/medium/22875.jpg
037a8416-e385-4141-b0b0-1f512c51c24f,https://s4.anilist.co/file/anilistcdn/media/manga/cover/large/bx115770-jcmG9qtStVMG.jpg
037b2025-acbc-4937-8279-523c17dd2734,https://media.kitsu.io/manga/poster_images/41028/large.jpg?1529179169
037bcbef-8c37-46ec-84a7-d78a3abc17e0,https://s4.anilist.co/file/anilistcdn/media/manga/cover/medium/16768.jpg
03833892-7cfd-44f2-9d15-6b207c771009,https://s4.anilist.co/file/anilistcdn/media/manga/cover/large/bx117033-Xv9wUewDSRjY.jpg
0383555e-c252-4410-8e18-7eba6f9db0c3,https://s4.anilist.co/file/anilistcdn/media/manga/cover/medium/12471.jpg
0385b879-b1cd-4603-8b8b-dea5b335e9b1,https://s4.anilist.co/file/anilistcdn/media/manga/cover/large/bx52575-StufJQqrrDs2.png
038672d9-0e71-4d10-b3a3-04c488590e64,https://s4.anilist.co/file/anilistcdn/media/manga/cover/medium/20290.jpg
0386ed2f-7817-4706-8e5c-360b635bcfb6,https://s4.anilist.co/file/anilistcdn/media/manga/cover/large/nx99536-Ad0c9WNX50L6.jpg
038740e2-13e5-4e5c-a774-405cf9419b51,https://s4.anilist.co/file/anilistcdn/media/manga/cover/large/nx31505-WOV9hxugkFnq.jpg
038859cb-a920-4420-b5f5-43a8ca520c5d,https://s4.anilist.co/file/anilistcdn/media/manga/cover/medium/3328.jpg
0388c95f-5093-4e57-ab9c-43fd5a80da0a,https://s4.anilist.co/file/anilistcdn/media/manga/cover/medium/17686.jpg
0390899b-c0ae-48b3-9b4e-937ebcd9db64,https://s4.anilist.co/file/anilistcdn/media/manga/cover/large/nx99915-ePJXlgm9dP1B.jpg
0390b0ce-65cf-4380-8899-cdc217383fc8,https://s4.anilist.co/file/anilistcdn/media/manga/cover/large/bx104062-ok7ZCXhRknOb.jpg
03911f4a-33cd-4305-bf27-dd0c01aca7f8,https://s4.anilist.co/file/anilistcdn/media/manga/cover/large/bx31605-lccFdOrjrudB.png
03944fe6-b4f8-4c27-9d07-54a1237a67b5,https://www.anime-planet.com/images/manga/covers/the-red-king-40062.jpg?t=1564609618
039826b3-835e-4fbd-a4a8-63a0069916a0,https://s4.anilist.co/file/anilistcdn/media/manga/cover/medium/26757.jpg
039d717e-9690-47fd-944d-93161b97fbac,https://s4.anilist.co/file/anilistcdn/media/manga/cover/large/bx87347-GOCU76cl37dK.png
039e7cc8-c1dd-493a-a529-1e27de819336,https://s4.anilist.co/file/anilistcdn/media/manga/cover/large/bx56334-IQ3mntLTHklQ.png
039eef76-4446-4c01-8bdd-8b009a10c36c,https://s4.anilist.co/file/anilistcdn/media/manga/cover/large/bx47836-7oLl8GcLkYJp.png
03a0487f-b933-40b8-8675-ab51b1984390,https://www.mangaupdates.com/image/i300456.jpg
03a04d3d-067a-4007-ab55-f7d1f6fa63ca,https://s4.anilist.co/file/anilistcdn/media/manga/cover/large/bx34213-dpzYW5r3ULtg.jpg
03a2ec1f-339e-47ad-bfb3-4f00edbccb4a,https://www.mangaupdates.com/image/i64068.jpg
03a3d9fe-f12d-4683-8023-90d29cae67a9,https://s4.anilist.co/file/anilistcdn/media/manga/cover/medium/98049-cT0k2h0G8zGC.jpg
03a9d0a6-50ce-46b8-9f66-f525a6a8451b,https://s4.anilist.co/file/anilistcdn/media/manga/cover/large/bx107185-XZELpz2wd8gC.jpg
03a9fabd-7d7d-488c-a3d1-4ade66ec0142,https://cdn.myanimelist.net/images/manga/3/240908l.jpg
03abaa1a-be69-4779-b629-41b2f1a8cc94,https://s4.anilist.co/file/anilistcdn/media/manga/cover/large/bx121914-NizqkLz6Otcl.jpg
03aebfcd-dc0d-4f0c-b2e2-7f0bd56e8ae5,https://www.mangaupdates.com/image/i318288.jpg
03b16158-e216-4385-8796-27ea645d74bb,https://s4.anilist.co/file/anilistcdn/media/manga/cover/large/nx98994-Dpg009cRMW3W.jpg
03b8acb9-d278-4c5d-9243-c653aa1aba3f,https://media.kitsu.io/manga/poster_images/12620/large.jpg?1434277001
03b9e5f9-7834-439c-96e9-b9842f702dd0,https://s4.anilist.co/file/anilistcdn/media/manga/cover/medium/2022.jpg
03bcdcf5-1550-4ccb-9c4e-4793cb4b8380,https://s4.anilist.co/file/anilistcdn/media/manga/cover/large/bx39546-YJ2X8IrgJvsc.png
03bd0718-3e94-4016-9a8e-c320f44ab2dc,https://s4.anilist.co/file/anilistcdn/media/manga/cover/medium/2646.jpg
03bd434b-bbbc-4fd6-8985-2324a6be08c5,https://s4.anilist.co/file/anilistcdn/media/manga/cover/large/bx55109-8tr6kS0YW0Qt.png
03bf0fb2-ae8f-4eff-93a3-a7cc7518061d,https://s4.anilist.co/file/anilistcdn/media/manga/cover/medium/43665.jpg
03c2bd97-c26b-452a-909e-34d4210da718,https://s4.anilist.co/file/anilistcdn/media/manga/cover/large/bx31449-kexmdyp1h7rk.png
03c3b737-ac5e-4e58-bbf0-7c626114b589,https://s4.anilist.co/file/anilistcdn/media/manga/cover/medium/46286.jpg
03c42f22-3397-47b5-86d6-43def0cd5e7c,https://s4.anilist.co/file/anilistcdn/media/manga/cover/medium/91892-DD69w00jilVR.jpg
03c5d091-3007-4a4b-80a3-ad673dfe47ab,https://s4.anilist.co/file/anilistcdn/media/manga/cover/large/bx106736-q0z1bk8m40Pc.jpg
03c6121f-fc92-4121-b9ee-bf360a094aba,https://s4.anilist.co/file/anilistcdn/media/manga/cover/medium/7448.jpg
03c9078a-0730-4637-bb3f-339a226ae3ac,https://s4.anilist.co/file/anilistcdn/media/manga/cover/large/bx96314-ZW9mlrqLuR0a.png
03c994de-ee9d-465d-bd32-d8a8c3b4cb4f,https://www.mangaupdates.com/image/i127431.png
03cdf755-df46-4dc0-94dc-7816e099cd01,https://s4.anilist.co/file/anilistcdn/media/manga/cover/large/bx128945-UIGHSY4JVsdm.jpg
03d11290-93c0-4f20-890c-49e4eb0bbc82,https://s4.anilist.co/file/anilistcdn/media/manga/cover/medium/b126150-kFgCqdgqNhkL.jpg
03d113b6-8cb5-4980-9378-f41a28468f87,https://s4.anilist.co/file/anilistcdn/media/manga/cover/large/nx74055-4D0fbIxOynYf.jpg
03d4f67d-2142-464d-93f4-dadfcc0dc643,https://s4.anilist.co/file/anilistcdn/media/manga/cover/medium/19931.jpg
03d50963-b105-4dc4-a413-c1bab9048491,https://media.kitsu.io/manga/poster_images/17991/large.jpg?1434288939
03d83c53-e9c8-452c-869e-4dc632b03af8,https://www.mangaupdates.com/image/i330692.jpg
03d919cd-6ace-4516-9acd-122c203f6898,https://s4.anilist.co/file/anilistcdn/media/manga/cover/medium/45697.jpg
03d9db25-c6da-44f7-8325-bdd91cb8e786,https://www.mangaupdates.com/image/i253665.jpg
03e11cfd-32c9-4873-a1d1-7f71fad05652,https://s4.anilist.co/file/anilistcdn/media/manga/cover/medium/6095.jpg
03e3f6ca-53e3-4895-888b-697654f6898d,https://www.mangaupdates.com/image/i210304.jpg
03eb6c43-9006-477b-9297-7c4bacb6f694,https://s4.anilist.co/file/anilistcdn/media/manga/cover/large/bx111434-RTiHLXeDb2un.jpg
03eee952-1a7c-406b-8998-a85b238999d9,https://s4.anilist.co/file/anilistcdn/media/manga/cover/large/bx104283-pqgwi8y746gl.jpg
03f093d8-b9ca-487a-891b-4d2c5fc99601,https://www.mangaupdates.com/image/i340470.jpg
03f728da-22b2-4caa-8ec0-0ed9cb857bbc,https://s4.anilist.co/file/anilistcdn/media/manga/cover/medium/5090.jpg
03f7d7b9-9639-48ab-b346-fee6883be261,https://s4.anilist.co/file/anilistcdn/media/manga/cover/medium/b109440-Vo4jNsFyT2zg.png
03f7d862-123a-40ea-96da-bca2eb6168b0,https://s4.anilist.co/file/anilistcdn/media/manga/cover/medium/28563-8fBzl3lHoeEF.jpg
03f8725e-40b6-44fb-b5f3-c13a702c2b02,https://s4.anilist.co/file/anilistcdn/media/manga/cover/large/bx33780-pSyMaypCfTAW.png
03fd9260-1313-4a54-986b-f210e0b4d925,https://s4.anilist.co/file/anilistcdn/media/manga/cover/medium/52495.jpg
0402033b-1057-4275-bd25-7994b95cbcd8,https://s4.anilist.co/file/anilistcdn/media/manga/cover/large/nx49844-nAusMrxD2eVq.jpg
040598d9-5d22-4573-9cb9-b0aaecdc5c7f,https://s4.anilist.co/file/anilistcdn/media/manga/cover/medium/b128286-SNyVzWyRz8C9.png
0408ebad-98ad-4e6f-8a0d-0399f21e955a,https://s4.anilist.co/file/anilistcdn/media/manga/cover/medium/2199.jpg
040925fb-a546-4c5b-9ecc-a00bdd6a0e75,https://www.mangaupdates.com/image/i329999.png
040c1cce-7512-4453-824c-68f14cff5e29,https://s4.anilist.co/file/anilistcdn/media/manga/cover/medium/11929.jpg
04103f7d-1037-481f-8142-1235364747b1,https://www.mangaupdates.com/image/i260587.png
04107609-23b6-4b18-a46e-4df5b1d8b9b6,https://s4.anilist.co/file/anilistcdn/media/manga/cover/medium/90858-ckPYkjhmTGm0.jpg
041086e4-5120-4e3c-a811-f21938a2402a,https://s4.anilist.co/file/anilistcdn/media/manga/cover/large/bx97336-XSxQQ7S8Fxqu.jpg
041478a2-66b2-4f88-8895-eb07bc9bb248,https://s4.anilist.co/file/anilistcdn/media/manga/cover/large/bx96402-mfXabYXISQZY.jpg
04163ab7-1b22-4b10-a3a9-0fbe0b7e9a23,https://www.anime-planet.com/images/manga/covers/adventures-of-god-24172.jpg?t=1577380057
041ecc98-6e70-4b3d-8a94-ed1245d5ba28,https://s4.anilist.co/file/anilistcdn/media/manga/cover/medium/b31515-sha2DqOu8K2V.jpg
04218e3d-f38b-4c87-a6f9-8d64f2af8521,https://www.mangaupdates.com/image/i249203.jpg
04221702-af13-4650-abc9-f3e66c7a63bb,https://s4.anilist.co/file/anilistcdn/media/manga/cover/large/bx122047-7ChbERwYyuhd.jpg
042490eb-6186-400f-b79c-d2bd31aeaf77,https://s4.anilist.co/file/anilistcdn/media/manga/cover/large/bx90921-Tkc6yODisG9i.jpg
0424a8a4-500d-4ba1-b7cf-214ae7792136,https://s4.anilist.co/file/anilistcdn/media/manga/cover/medium/92275-Iwvi0DC9MyNh.jpg
04274aef-2b83-4425-89f9-a1028fe58138,https://www.mangaupdates.com/image/i263431.jpg
04277256-e205-4599-af71-755aab26bc89,https://media.kitsu.io/manga/poster_images/45404/large.jpg?1533495047
0428160a-8e17-441c-91a0-e18dec2712c6,https://s4.anilist.co/file/anilistcdn/media/manga/cover/medium/b112476-pTbZl6xZ5nDE.jpg
042858df-6099-43b5-89be-53d4e27ebcb5,https://s4.anilist.co/file/anilistcdn/media/manga/cover/large/bx38828-uml8kyIyDDhq.jpg
042b4389-a26d-4505-b96b-e9d5fd731f9c,https://s4.anilist.co/file/anilistcdn/media/manga/cover/medium/55081.jpg
042f2af3-24df-46ea-84de-86e4a8f2e62b,https://www.mangaupdates.com/image/i329332.png
04329c2b-a362-499e-8fe4-123901cc5a00,https://s4.anilist.co/file/anilistcdn/media/manga/cover/medium/55544.jpg
0432bd8c-a475-441e-865a-3489d591b593,https://s4.anilist.co/file/anilistcdn/media/manga/cover/large/bx38016-kCZlzddhZtn9.jpg
0434fdc7-fa28-4bbf-ba95-e2169369e447,https://s4.anilist.co/file/anilistcdn/media/manga/cover/large/nx99890-FxjJRO1JT9I4.jpg
043660c5-5372-4be5-ac8b-c5fe5124019d,https://s4.anilist.co/file/anilistcdn/media/manga/cover/large/bx108927-HabJY6RsUbix.jpg
0437a954-2c50-4124-87fa-6bf5e37e18b5,https://s4.anilist.co/file/anilistcdn/media/manga/cover/large/bx116227-l4grT9d486ip.jpg
0437f809-907c-4636-b04a-17f79b7c484d,https://s4.anilist.co/file/anilistcdn/media/manga/cover/medium/22752.jpg
043a0843-49ec-43e8-a72b-bf6c2bb083a9,https://s4.anilist.co/file/anilistcdn/media/manga/cover/large/nx56973-X34KvyfyPjE3.jpg
043a10f5-c16d-4402-bf82-0f3e8a33de29,https://s4.anilist.co/file/anilistcdn/media/manga/cover/medium/b119723-FPNUXa237FUK.png
043d7872-4e1f-41be-a271-d7e0547fa234,https://media.kitsu.io/manga/poster_images/16874/large.jpg?1434286449
043d7c9a-08c1-434d-8037-24d32f57831e,https://media.kitsu.io/manga/poster_images/45340/large.jpg?1533495021
043f3e96-1878-4978-bf33-f22751da81d1,https://media.kitsu.io/manga/poster_images/3627/large.jpg?1434257092
043fb287-26b7-4089-87e8-5d72e8ea6c8f,https://media.kitsu.io/manga/poster_images/20251/large.jpg?1434293921
0441604c-1b94-49d0-8848-a527ba3e7a3f,https://media.kitsu.io/manga/poster_images/36789/large.jpg?1451331544
0446d5a3-2a35-4a0f-91bc-57617ae7eb5e,https://www.mangaupdates.com/image/i296374.jpg
0449364f-2306-43ba-9cd6-53901a4be263,https://media.kitsu.io/manga/poster_images/25354/large.jpg?1434304740
044990d2-4b23-47bd-a25d-dce9c141cd34,https://media.kitsu.io/manga/poster_images/7981/large.jpg?1477948735
044a058e-71af-4169-a3b7-c319c7e8d99a,https://media.kitsu.io/manga/poster_images/35810/large.jpg?1434327268
044b6b3f-d807-49e8-a1da-2c0de173f7c2,https://cdn.myanimelist.net/images/manga/1/126055l.jpg
045026a0-a9f0-425c-bb61-90c71887428b,https://www.mangaupdates.com/image/i314577.png
04528b4c-bcc5-48b4-9af4-096060ad278d,https://media.kitsu.io/manga/poster_images/10069/large.jpg?1434271211
0452b060-349c-4422-9da1-12bafb9d6724,https://media.kitsu.io/manga/poster_images/13772/large.jpg?1434279584
0453c4ab-ba0e-4146-841c-96fe83cb2790,https://www.mangaupdates.com/image/i337209.png
04567cdb-1d6c-40fd-8f75-53242baa53d3,https://cdn.myanimelist.net/images/manga/1/202389l.jpg
04598a65-4f1f-4807-a419-d79ca7f67457,https://media.kitsu.io/manga/poster_images/41259/large.jpg?1532464642
045ad1b2-090a-4f65-ae8e-c785eb7f59b3,https://media.kitsu.io/manga/poster_images/38594/large.jpg?1477997936
045fcc56-2964-4990-a293-4eaf80d3005f,https://media.kitsu.io/manga/poster_images/53103/large.jpg?1533498764
04619453-a172-486a-bbcd-d1f743ca9478,https://media.kitsu.io/manga/poster_images/24827/large.jpg?1434303600
0462b321-f83c-42bb-8b26-582454734b6c,https://www.anime-planet.com/images/manga/covers/hardcore-leveling-warrior-world-of-tanks-59103.jpg?t=1609697530
04671232-7423-4171-be71-9ad911160532,https://www.mangaupdates.com/image/i329588.png
0467e7e6-b434-4ea5-89ee-18ff14a9da16,https://cdn.myanimelist.net/images/manga/2/1242l.jpg
04680398-7650-487f-b3dd-ddc381797a49,https://media.kitsu.io/manga/poster_images/58648/large.jpg?1611672849
04683ab2-89d9-431a-8b3e-72e23be543b7,https://media.kitsu.io/manga/poster_images/23878/large.jpg?1434301594
046a72b9-2940-4798-b01b-cc29c2cc23a7,https://www.mangaupdates.com/image/i138446.jpg
046a7583-7a00-4e4a-933c-aad20a3aecc4,https://www.mangaupdates.com/image/i163058.jpg
046edc6a-67c5-44ae-9afb-e789e108e170,https://media.kitsu.io/manga/poster_images/9390/large.jpg?1434269713
046faa25-f932-4f22-9ad1-e547b36dc2a9,https://media.kitsu.io/manga/poster_images/25872/large.jpg?1434305845
0473f23f-3ee4-4d85-8fe2-f97218f1ef1d,https://media.kitsu.io/manga/poster_images/26622/large.jpg?1434307473
047684dc-716d-455c-81aa-c06fb18ed9bd,https://www.anime-planet.com/images/manga/covers/the-space-invade-36341.jpg?t=1554734414
0478e520-9d58-4c39-87c6-67b2df8cd59d,https://www.mangaupdates.com/image/i323507.png
047a9427-dfcb-4bb6-a6d7-f762479f22ea,https://media.kitsu.io/manga/poster_images/3154/large.jpg?1434256084
047b49ae-7390-44e5-8a4d-5324c928e351,https://media.kitsu.io/manga/poster_images/36589/large.jpg?1447301283
0483d2ef-557e-43ae-9761-2f2f0677625a,https://cdn.myanimelist.net/images/manga/2/227813l.jpg
0485fbf8-943c-4397-b59f-ed97e500d0b7,https://media.kitsu.io/manga/poster_images/5719/large.jpg?1434261622
0486e6b2-6551-4938-894a-4e7a72749b47,https://media.kitsu.io/manga/poster_images/53427/large.jpg?1597699338
0489348f-8a68-4c21-9c67-508c46d9c787,https://www.mangaupdates.com/image/i258170.jpg
048978c4-b9df-4fbb-b781-86667d1a4f5a,https://www.mangaupdates.com/image/i241336.jpg
048a257f-9c44-40f3-b6fc-5cbe2042c31d,https://www.mangaupdates.com/image/i106954.png
0491bc8a-bfaf-4732-9503-3ac5c4208aba,https://media.kitsu.io/manga/poster_images/15175/large.jpg?1434282737
04958ebe-66ed-42bc-9d89-7fdbd50f9918,https://media.kitsu.io/manga/poster_images/5329/large.jpg?1434260772
0495bbd8-a25a-4603-8710-7904880e5bbb,https://media.kitsu.io/manga/poster_images/26924/large.jpg?1434308137
0495e9fc-9557-4f53-be80-79ce5feea7cf,https://www.mangaupdates.com/image/i329014.png
04976d19-0417-4144-9251-c9269abf0387,https://media.kitsu.io/manga/poster_images/40288/large.jpg?1509407122
0499c0d1-7b7b-46c6-a8c8-f301914657ce,https://www.mangaupdates.com/image/i247039.jpg
0499fc91-fc19-434b-8e66-7dc2fd93a2d7,https://cdn.myanimelist.net/images/manga/3/226439l.jpg
049ccf8f-8412-4ff3-bfea-2bc64776d1ec,https://media.kitsu.io/manga/poster_images/12742/large.jpg?1434277269
049cd0a3-86e8-4d6b-8027-394b7757821a,https://media.kitsu.io/manga/poster_images/20630/large.jpg?1434294737
049dc60e-e06d-4ca3-b23c-864ecd7779a5,https://media.kitsu.io/manga/poster_images/25583/large.jpg?1538058005
04a2b91d-1aa8-4db6-85a7-6bbc99919670,https://media.kitsu.io/manga/poster_images/23311/large.jpg?1434300388
04abb0d6-70bf-452d-b1d5-eda2bd8a22a2,https://cdn.myanimelist.net/images/manga/3/224202l.jpg
04afa419-196a-4ba1-8b0d-7dfc48b2ba71,https://media.kitsu.io/manga/poster_images/36636/large.jpg?1449526344
04b138cd-fd73-4d6d-8552-8d1de84821d2,https://www.mangaupdates.com/image/i344045.jpg
04b35203-e080-4142-884b-e1c8bf5b3bc9,https://cdn.myanimelist.net/images/manga/3/229633l.jpg
04b379ed-9728-4701-b4f9-f5966944e5d9,https://media.kitsu.io/manga/poster_images/22158/large.jpg?1434297980
04b6cb84-d641-490a-8141-5426b15cecb9,https://media.kitsu.io/manga/poster_images/24121/large.jpg?1597699352
04b8ce92-a539-4d42-a326-06941a8e4d91,https://media.kitsu.io/manga/poster_images/21303/large.jpg?1434296182
04bb5f70-e189-4f85-ba5e-ffa01af9e3e2,https://media.kitsu.io/manga/poster_images/21524/large.jpg?1434296636
04bb64eb-3035-4efd-b038-5c6b4a0549d1,https://media.kitsu.io/manga/poster_images/31309/large.jpg?1434317654
04bca7eb-2a47-488d-a227-17dbda5371cf,https://media.kitsu.io/manga/poster_images/8125/large.jpg?1434266937
04bcd607-56b6-4381-8f9d-6b031b8580a3,https://www.mangaupdates.com/image/i309305.jpg
04bd11c5-64e0-4c06-ae8e-bae2d2f9072d,https://media.kitsu.io/manga/poster_images/7671/large.jpg?1434265962
04bdbebe-a045-4180-be72-45aff1d79fb8,https://media.kitsu.io/manga/poster_images/41400/large.jpg?1533493702
04be1816-8fba-45f8-a3d0-3ad05718e874,https://media.kitsu.io/manga/poster_images/2096/large.jpg?1434253813
04c06d4a-7601-4221-b9f7-5ecbb71b6e56,https://media.kitsu.io/manga/poster_images/25297/large.jpg?1434304621
04c1c834-0240-4f21-a628-2548f71d2dd2,https://media.kitsu.io/manga/poster_images/21371/large.jpg?1434296320
04c350cd-aa7a-4833-943c-6999495cad35,https://www.mangaupdates.com/image/i289167.jpg
04c3b37c-78a2-4ac5-8336-744cf355d839,https://media.kitsu.io/manga/poster_images/3612/large.jpg?1434257064
04c40816-1af3-46b6-95b8-6a54b1ee525b,https://media.kitsu.io/manga/poster_images/41185/large.jpg?1531623470
04c7c56a-f4d9-484d-8e48-8a35dd38fa90,https://cdn.myanimelist.net/images/manga/1/220513l.jpg
04c9f2ef-1c39-4787-a003-33c02d264db0,https://media.kitsu.io/manga/poster_images/2579/large.jpg?1434254861
04cb0726-1de0-44c4-9790-93eb411b3986,https://www.mangaupdates.com/image/i299293.png
04ce410f-d9a4-4bc2-baec-b3a78fb3601e,https://media.kitsu.io/manga/poster_images/48887/large.jpg?1533496635
04cf9cb6-c924-4e80-98e2-a998b4b9b578,https://media.kitsu.io/manga/poster_images/31849/large.jpg?1434318747
04d257a1-1e57-4f3d-934d-113b1834b2df,https://media.kitsu.io/manga/poster_images/56914/large.jpg?1594603509
04d3680f-0cad-4009-a394-33fedf5ee31d,https://media.kitsu.io/manga/poster_images/608/large.jpg?1434250660
04d4dcd8-c009-476e-86f5-d00ddb2057bd,https://media.kitsu.io/manga/poster_images/45353/large.jpg?1533495030
04d69339-a879-4608-82c0-f891b4f10e7d,https://media.kitsu.io/manga/poster_images/13507/large.jpg?1609779511
04d82d45-21cd-4ff4-8da3-b0f5404b87d4,https://media.kitsu.io/manga/poster_images/5602/large.jpg?1434261371
04d899da-c6ae-4bc5-b73b-7f621a48d32e,https://media.kitsu.io/manga/poster_images/8494/large.jpg?1434267738
04db6969-ad71-45f9-85e8-5bcbef10c029,https://media.kitsu.io/manga/poster_images/1566/large.jpg?1434252674
04dba92e-70f7-4fff-a5b5-7b5b8c65e90d,https://www.mangaupdates.com/image/i343745.jpg
04de2b0d-431e-49f9-b5c7-7d1a54839030,https://media.kitsu.io/manga/poster_images/205/large.jpg?1434249825
04de6bc7-3679-4203-b728-ac57f49678da,https://media.kitsu.io/manga/poster_images/58964/large.jpg?1615714934
04dec31b-3451-475a-9bb5-06bb86e19002,https://www.mangaupdates.com/image/i222551.jpg
04e206c5-35cb-4f02-9f15-bf3f1a24986e,https://media.kitsu.io/manga/poster_images/26904/large.jpg?1442526359
04e40ed5-922f-4b34-bd57-2fc6c7ccdde5,https://cdn.myanimelist.net/images/manga/1/225033l.jpg
04e50c53-ac8b-4f3b-970b-01d078493afe,https://media.kitsu.io/manga/poster_images/57911/large.jpg?1604007136
04e54c8b-9d31-4868-a6ce-18b80cc1762d,https://media.kitsu.io/manga/poster_images/23598/large.jpg?1434301009
04e601f2-68c7-46f6-b351-fd7b219ae4f9,https://media.kitsu.io/manga/poster_images/35437/large.jpg?1434326452
04e67050-5d08-4680-9962-1fd819ac7a15,https://www.mangaupdates.com/image/i282717.png
04e8402a-5e1d-4f58-aa2b-24fad8ffab50,https://media.kitsu.io/manga/poster_images/55681/large.jpg?1575373831
04f1760c-37c3-4de1-8f32-ea1a93b0755a,https://media.kitsu.io/manga/poster_images/36792/large.jpg?1451331589
04f22916-0e69-4d58-b927-91b75dd28795,https://media.kitsu.io/manga/poster_images/8094/large.jpg?1434266870
04f2b88a-e167-410e-ac38-4fd4777f4e0f,https://www.mangaupdates.com/image/i313225.jpg
04f45ed5-469d-44e0-8733-04174b6487de,https://media.kitsu.io/manga/poster_images/7251/large.jpg?1434265013
04f6660b-0018-452d-844a-a205594dd66d,https://www.mangaupdates.com/image/i337898.jpg
04f7cd48-d429-4741-b821-5689d316ac1c,https://media.kitsu.io/manga/poster_images/7720/large.jpg?1505518273
04faa97f-a77a-4f8b-878b-554e795d342c,https://www.mangaupdates.com/image/i235825.jpg
04faab35-5107-4406-9d1b-63d3de9c4f2c,https://www.mangaupdates.com/image/i286531.jpg
04fe6d31-460f-41f3-b56a-5e4f7659afa5,https://media.kitsu.io/manga/poster_images/41298/large.jpg?1533164934
04fe7b0d-a5f2-4ee5-b652-32d33abd76a2,https://media.kitsu.io/manga/poster_images/4445/large.jpg?1434258881
050333a3-2c1c-4b74-8b8a-628b20ccd76a,https://media.kitsu.io/manga/poster_images/8463/large.jpg?1434267670
0504da67-e636-4b3e-ab9b-48e8d4264fc6,https://media.kitsu.io/manga/poster_images/27073/large.jpg?1552792534
05052483-2aba-457a-9750-eae7eac9b895,https://media.kitsu.io/manga/poster_images/11169/large.jpg?1434273661
0509eb8e-e129-4b08-9398-5bf5198af9c4,https://media.kitsu.io/manga/poster_images/44994/large.jpg?1533494880
050ed1ea-bf98-4612-804a-1e045b90b0f0,https://media.kitsu.io/manga/poster_images/9786/large.jpg?1434270567
0510e3fc-a693-4fb5-ae09-80e63df31f5c,https://media.kitsu.io/manga/poster_images/2783/large.jpg?1434255271
0511551c-c6fb-41e0-9731-97245cc58e16,https://media.kitsu.io/manga/poster_images/9656/large.jpg?1434270278
0512e2a1-a241-42ab-ab19-24f092a769e4,https://www.mangaupdates.com/image/i339335.jpg
0515dcf5-c6e3-40e6-8654-3dd5d61be4eb,https://media.kitsu.io/manga/poster_images/6847/large.jpg?1577364857
05181bf1-4b76-4d45-8f55-2d7c28416994,https://media.kitsu.io/manga/poster_images/58094/large.jpg?1605711312
051a71f8-355f-4426-aac1-56b68fb14ddd,https://media.kitsu.io/manga/poster_images/23797/large.jpg?1434301425
051aa32b-07a7-40b3-a1d7-ae96b7fe02de,https://cdn.myanimelist.net/images/manga/2/39991l.jpg
051bf194-9f3f-47b8-a5f5-95d4678796e3,https://cdn.myanimelist.net/images/manga/3/234700l.jpg
051ce60f-bf16-432a-89a5-a8d52bd16de6,https://media.kitsu.io/manga/poster_images/57795/large.jpg?1603107650
051e6a66-7373-4583-98b6-b746153041e9,https://media.kitsu.io/manga/poster_images/55971/large.jpg?1583059198
051ecde7-f728-4e4f-ab4d-5589a1f07d45,https://media.kitsu.io/manga/poster_images/20570/large.jpg?1434294606
051f3400-6e8b-4b60-8679-da219d49d9ff,https://cdn.myanimelist.net/images/manga/1/150685l.jpg
0520352d-fa83-4846-a034-54c8a44704de,https://www.mangaupdates.com/image/i314727.png
05218715-dbc7-44f2-ae3a-1447695bdd03,https://media.kitsu.io/manga/poster_images/14374/large.jpg?1434280923
0523e93e-b753-4460-bdbe-f709861228bf,https://media.kitsu.io/manga/poster_images/56158/large.jpg?1585915537
05255927-1470-47c5-9e71-8ad6fa760824,https://media.kitsu.io/manga/poster_images/21664/large.jpg?1434296943
05279856-7727-4ff2-aa5a-9e5363c50bb5,https://www.mangaupdates.com/image/i315625.jpg
052a2c6b-e910-4b30-848f-0ffd341998a6,https://media.kitsu.io/manga/poster_images/3987/large.jpg?1434257883
052b1d84-519f-4174-980c-9e4cbcb5e366,https://media.kitsu.io/manga/poster_images/15248/large.jpg?1434282892
052dd24e-5362-48f6-b1ef-b7a6e1afeb5d,https://media.kitsu.io/manga/poster_images/46244/large.jpg?1533495409
052e5256-6d5f-4591-8b17-35f628085a9c,https://www.mangaupdates.com/image/i30921.jpg
052ea3e5-dd00-4cf2-bed5-bc404469d7a6,https://www.mangaupdates.com/image/i131218.png
0531e50a-78b2-4e79-8e8d-c0796493dcd2,https://cdn.myanimelist.net/images/manga/2/242494l.jpg
05323b25-8eba-46b5-8e22-e2af4a47620f,https://www.mangaupdates.com/image/i258792.jpg
0535c66a-d845-45d6-96a7-300111a13e4a,https://www.mangaupdates.com/image/i287893.jpg
0535f0ef-b7e7-41d0-9828-b711644a656b,https://media.kitsu.io/manga/poster_images/55288/large.jpg?1570215059
0536c8e4-6d40-4936-a4df-80ade9ca7396,https://www.mangaupdates.com/image/i297179.jpg
0536d3e3-670c-4b1e-b5ae-4c6dd9d83c96,https://media.kitsu.io/manga/poster_images/55990/large.jpg?1583285365
053876c4-5042-4536-a063-3da2e8b4a998,https://media.kitsu.io/manga/poster_images/31714/large.jpg?1434318476
053dc17d-0406-4b0c-aeac-923fa24f3695,https://media.kitsu.io/manga/poster_images/4857/large.jpg?1434259772
05424f5a-6278-40ca-a319-631bdef6c0d3,https://media.kitsu.io/manga/poster_images/16370/large.jpg?1434285306
0545097b-c325-4dc3-a619-cedce793dc61,https://media.kitsu.io/manga/poster_images/53293/large.jpg?1611496838
05465a70-d731-4021-863a-089acd9f0061,https://media.kitsu.io/manga/poster_images/24312/large.jpg?1434302519
054708bb-644e-4434-8936-f021feccd036,https://www.anime-planet.com/images/manga/covers/gg-39150.jpg?t=1560570452
0548abc8-ded2-4ece-96d8-b16ff5a709ff,https://media.kitsu.io/manga/poster_images/7253/large.jpg?1434265018
054fa10a-395f-4fa1-a052-9481ebff2302,https://www.mangaupdates.com/image/i307284.jpg
0551a84a-924c-4965-9af3-5cb31ba8b4b8,https://media.kitsu.io/manga/poster_images/37896/large.jpg?1467853879
0553551f-1bbf-4d53-9fb0-cf7cfee152c4,https://media.kitsu.io/manga/poster_images/8765/large.jpg?1434268324
055ccb8d-670b-46fb-bdd4-31fa9b94d01b,https://www.mangaupdates.com/image/i156343.jpg
055da9ac-5d5b-4fd2-8ae9-a1eaed0a93ec,https://www.mangaupdates.com/image/i260506.jpg
055dc933-3579-4650-9e2e-a64d077865e7,https://media.kitsu.io/manga/poster_images/57272/large.jpg?1599053846
05634c01-7f94-464b-9672-0b13ad06e871,https://cdn.myanimelist.net/images/manga/3/225005l.jpg
0563aedb-ecea-4916-a6a3-44e047ce0ac8,https://www.mangaupdates.com/image/i312039.png
05648383-3ddc-4199-bec1-3358d90bbaa4,https://www.anime-planet.com/images/manga/covers/drunk-in-love-59361.jpg?t=1610495770
056565a9-7a75-44ae-be72-7ef261a47a4a,https://www.mangaupdates.com/image/i289733.jpg
05667b38-4ba4-483c-9324-5d386015e022,https://media.kitsu.io/manga/poster_images/27581/large.jpg?1490063884
0566b133-c2dd-4e87-86ef-915050d1eec3,https://media.kitsu.io/manga/poster_images/27682/large.jpg?1491955962
05679d0e-03df-498f-a251-625d387d0efd,https://media.kitsu.io/manga/poster_images/20915/large.jpg?1434295350
056915a8-4320-4d57-9c48-9ec6abf7aec9,https://media.kitsu.io/manga/poster_images/36464/large.jpg?1439899590
05694d77-ecaf-4dba-b5e0-165f062439f0,https://media.kitsu.io/manga/poster_images/37373/large.jpg?1458003639
056abe09-ef2d-4ec8-88c7-a9818dd3f043,https://www.mangaupdates.com/image/i215721.png
056c33c6-bea0-4d89-9f2b-3d35c1da96b3,https://media.kitsu.io/manga/poster_images/9512/large.jpg?1434269968
056d932f-980a-4cfc-865e-9bec6b7d98a6,https://www.mangaupdates.com/image/i318945.jpg
0572560e-b1d3-4c45-a5aa-46f331645c22,https://media.kitsu.io/manga/poster_images/4898/large.jpg?1434259862
0574e1e3-6c8e-41d7-bd8e-2499ab559876,https://cdn.myanimelist.net/images/manga/3/230280l.jpg
0577dcca-7326-4896-a727-2b86fa73da05,https://media.kitsu.io/manga/poster_images/21362/large.jpg?1434296302
057b9b11-7bbe-4758-a6d3-501a60bba0bb,https://media.kitsu.io/manga/poster_images/3557/large.jpg?1434256947
057c7346-5a82-4119-a2dc-b0f769f18551,https://media.kitsu.io/manga/poster_images/8568/large.jpg?1434267908
057cab96-c972-418e-bd3b-ccf9ae1d8461,https://media.kitsu.io/manga/poster_images/20193/large.jpg?1434293795
057cbb2f-2c25-4f86-a4b0-66c8b0c90892,https://media.kitsu.io/manga/poster_images/24706/large.jpg?1434303337
057dda2a-268a-44eb-8e73-cee6a54cbdc4,https://media.kitsu.io/manga/poster_images/50978/large.jpg?1533497641
057ed6b3-1d3e-4616-aa5b-69481505aff8,https://media.kitsu.io/manga/poster_images/49873/large.jpg?1533497095
057f5360-c37c-4619-a6a4-cb5aea7f5f6a,https://media.kitsu.io/manga/poster_images/7738/large.jpg?1434266101
0580c34c-9f37-405f-b437-d846598b7355,https://www.mangaupdates.com/image/i32693.jpg
058192d1-8249-4816-8495-ee0555fa6b37,https://media.kitsu.io/manga/poster_images/5886/large.jpg?1434261979
0581c802-2766-4956-aed8-daee0b493c35,https://cdn.myanimelist.net/images/manga/3/210465l.jpg
05824537-9e1e-4a35-96a5-0a5ff8b0a8ac,https://www.mangaupdates.com/image/i332713.png
05875db7-5d63-4157-86e3-7e148a851b63,https://media.kitsu.io/manga/poster_images/6665/large.jpg?1434263732
05893daa-569a-49c1-b81b-96f299b4594f,https://www.mangaupdates.com/image/i259224.jpg
0591023f-4d7d-4959-a81d-135eeacb6604,https://media.kitsu.io/manga/poster_images/53672/large.jpg?1533499104
0591325d-191f-4632-a9e7-bae6fc64f120,https://media.kitsu.io/manga/poster_images/17993/large.jpg?1434288944
05939224-4ceb-4aaa-a219-2082a554aa22,https://www.mangaupdates.com/image/i324194.jpg
05953f79-61b7-4ffb-bd45-28d668912675,https://media.kitsu.io/manga/poster_images/27429/large.jpg?1434309280
05993e2f-812a-4961-b023-72a59a3361ef,https://www.mangaupdates.com/image/i326534.jpg
059a37a9-844f-4fe0-8269-974dc9c338cc,https://media.kitsu.io/manga/poster_images/2511/large.jpg?1434254719
059a5761-1ef4-4d37-8737-69bbe49c4e83,https://media.kitsu.io/manga/poster_images/39645/large.jpg?1497199300
05a04e0b-43fa-46a5-a9bf-673b20f692a3,https://media.kitsu.io/manga/poster_images/20386/large.jpg?1434294213
05a1b71e-d7f5-4776-9ceb-13e7aebf208b,https://www.mangaupdates.com/image/i250019.png
05a3c33b-42ed-46ea-9f5d-a6344143dfed,https://media.kitsu.io/manga/poster_images/10712/large.jpg?1434272624
05ab8f64-34bc-4843-b686-45980d9256a5,https://media.kitsu.io/manga/poster_images/53217/large.jpg?1533498827
05ad90c1-e9e0-46bf-8f72-34b2dabf6eb9,https://www.mangaupdates.com/image/i258909.png
05ad9bf7-12f0-4e70-acc5-d25d382d6d3a,https://www.mangaupdates.com/image/i326149.png
05ae4813-8f49-4e0f-acf4-2f163b843dc0,https://www.mangaupdates.com/image/i265207.jpg
05aeb90a-0b9f-4bd4-abe0-a260992e383c,https://www.mangaupdates.com/image/i329319.jpg
05b16175-c7f7-4a7c-85d5-fa45702bb2ca,https://media.kitsu.io/manga/poster_images/41829/large.jpg?1533493800
05b46b5c-7c3f-419a-ae6e-9df91a8bdd50,https://www.mangaupdates.com/image/i207207.png
05ba257a-e70a-4ba3-9784-2230ec7162b4,https://media.kitsu.io/manga/poster_images/7485/large.jpg?1434265554
05bd710c-d94a-45eb-be99-2109d58f1006,https://cdn.myanimelist.net/images/manga/1/242179l.jpg
05be3fec-cdec-47df-b9c2-ebc6bbf7407d,https://media.kitsu.io/manga/poster_images/41017/large.jpg?1528943072
05c14279-72d2-4696-a974-59a7e709e3e3,https://media.kitsu.io/manga/poster_images/19222/large.jpg?1434291731
05c2917a-e0a4-4c55-abac-8be0f8b213e4,https://media.kitsu.io/manga/poster_images/56289/large.jpg?1588696812
05c29e85-71c1-4f78-95cd-a03e68d9523c,https://cdn.myanimelist.net/images/manga/1/236662l.jpg
05c5464a-babb-46f9-9489-a469394f1fe0,https://media.kitsu.io/manga/poster_images/37169/large.jpg?1456412415
05c6f020-e754-40dd-8e16-2516faed00cc,https://media.kitsu.io/manga/poster_images/8471/large.jpg?1434267687
05c8656f-cb87-4545-83e9-c9810f86eeee,https://cdn.myanimelist.net/images/manga/3/116491l.jpg
05c874b8-6856-4d96-bd1d-8079eb365a4c,https://media.kitsu.io/manga/poster_images/20024/large.jpg?1434293431
05caf165-9c58-4b2f-ba5c-dcfe1d825215,https://media.kitsu.io/manga/poster_images/58692/large.jpg?1612281817
05ccee57-de43-4e77-8381-253ff81f6cd5,https://media.kitsu.io/manga/poster_images/38064/large.jpg?1471032499
05cfc789-5e97-4c0e-86ca-4dda1a8e952c,https://media.kitsu.io/manga/poster_images/55112/large.jpg?1567864010
05d03999-32e5-41bc-bae5-e510c1d6b9bb,https://media.kitsu.io/manga/poster_images/13306/large.jpg?1434278536
05d09897-585c-4807-a724-cebec848fcb5,https://www.mangaupdates.com/image/i327614.jpg
05d451c9-0320-448c-a89d-899863987ad9,https://media.kitsu.io/manga/poster_images/3969/large.jpg?1434257845
05d59e44-d571-4507-8022-b429a4f97c25,https://www.mangaupdates.com/image/i325491.png
05d5d608-11f8-4c07-b5ad-523d807214c8,https://www.mangaupdates.com/image/i317991.jpg
05d74a77-3f30-434a-9bce-f68e98596c50,https://media.kitsu.io/manga/poster_images/23641/large.jpg?1434301095
05daf8e4-e078-4fda-a795-7a94f37820de,https://www.mangaupdates.com/image/i261614.jpg
05e06e87-ae1e-411e-a2bf-1b3def22f5bc,https://cdn.myanimelist.net/images/manga/1/234744l.jpg
05e20804-3b41-4830-a1d3-a8a553a8be5a,https://www.mangaupdates.com/image/i344453.jpg
05e21132-17da-4bed-8b46-19a329211338,https://media.kitsu.io/manga/poster_images/26831/large.jpg?1504220100
05e41447-5317-4e3b-8e86-77206306d4b0,https://media.kitsu.io/manga/poster_images/21605/large.jpg?1434296806
05e57c5e-8653-4f69-9b72-72fc2067cac7,https://www.anime-planet.com/images/manga/covers/the-unspeakable-touch-57964.jpg?t=1606864293
05e61a90-210f-4680-b841-4f124f303ea0,https://media.kitsu.io/manga/poster_images/1042/large.jpg?1434251536
05e9b6ba-be2f-4974-b15d-29ca3cdb5d87,https://media.kitsu.io/manga/poster_images/9857/large.jpg?1434270729
05ebe01d-172b-4a17-af60-9e7184feb4a1,https://media.kitsu.io/manga/poster_images/36781/large.jpg?1451303126
05ec0988-dae8-4acf-928b-43c5f7209098,https://media.kitsu.io/manga/poster_images/1976/large.jpg?1597699476
05f0c39f-1ae0-403c-b521-85122d4db458,https://media.kitsu.io/manga/poster_images/57154/large.jpg?1597699429
05f1196e-c551-4c85-9a25-b600ab58b457,https://media.kitsu.io/manga/poster_images/19686/large.jpg?1546957804
05f282b4-5010-48ff-8729-90059e90de57,https://media.kitsu.io/manga/poster_images/55459/large.jpg?1572013859
05f3f58b-efd2-4d6d-bdf6-efd991fe5495,https://s4.anilist.co/file/anilistcdn/media/manga/cover/large/bx47234-cmPK32w9qVZy.png
05fad8a1-2cca-4bc9-bf98-46bfc71f8832,https://www.mangaupdates.com/image/i177289.jpg
05ff3e41-832f-43c2-ad19-000c3de3509d,https://s4.anilist.co/file/anilistcdn/media/manga/cover/medium/101010-Mu8pb8ISGeUQ.jpg
05ff9abc-92d1-480b-a87f-02768075fef5,https://s4.anilist.co/file/anilistcdn/media/manga/cover/large/bx114354-LyrYKdBaZxAc.jpg
06013ffb-6ddf-4f9a-9ca6-82c542efc2fa,https://s4.anilist.co/file/anilistcdn/media/manga/cover/medium/92491-1DZnmugwjnI7.jpg
06020d3e-3f5a-4d18-bc73-6d12acda0370,https://s4.anilist.co/file/anilistcdn/media/manga/cover/medium/11599.jpg
0602920f-3407-4aa9-b41c-8768cf2f2db9,https://s4.anilist.co/file/anilistcdn/media/manga/cover/medium/b32431-3L3F3NOf62n1.jpg
06045bd7-1aee-4044-b08a-87a9cfd6234d,https://media.kitsu.io/manga/poster_images/51257/large.jpg?1533497776
0604f907-17ea-40f5-bd44-05ec1ea23030,https://s4.anilist.co/file/anilistcdn/media/manga/cover/medium/1498.jpg
0607ebfe-1b0e-4854-8b8b-eed76d5be62c,https://www.mangaupdates.com/image/i318517.jpg
0608d5ad-2b6f-46d3-b9a1-d4978d9df0b8,https://media.kitsu.io/manga/poster_images/56508/large.jpg?1592157640
060a5bed-c225-4a75-914e-65bd0ffe76c7,https://www.mangaupdates.com/image/i269706.jpg
060be26c-faea-4975-b4d2-3b1457cbcb57,https://www.mangaupdates.com/image/i307148.jpg
060d1dcc-6cd6-42a9-90ef-97ca507270e6,https://www.mangaupdates.com/image/i293906.jpg
060e0ad0-5d9b-45c2-b3be-bca9f06a030b,https://www.mangaupdates.com/image/i317398.jpg
060efa4f-3cfc-4555-b6a8-634d7dc84aa9,https://s4.anilist.co/file/anilistcdn/media/manga/cover/medium/28361.jpg
060f34d5-adb3-4242-b39f-e67e15a7e3a8,https://www.mangaupdates.com/image/i245102.png
